id,Nome,Endere√ßo,Genero,Salario,Estado
1,Ive Davern,2627 Tony Trail,Male,1714.67,Florida
2,Goddard Drynan,692 Thompson Drive,Bigender,7427.97,Texas
3,Sean Badwick,264 Hallows Road,Male,14824.11,Pennsylvania
4,Nicolette Durnell,10116 Goodland Parkway,Female,14228.86,Texas
5,Mimi Scullion,7 Fuller Plaza,Female,2164.69,Ohio
6,Erl Sloan,39 Everett Center,Male,5206.92,Michigan
7,Alaster Guyton,520 High Crossing Lane,Male,11010.74,Wisconsin
8,Eugene Pessel,7 Atwood Circle,Male,,Maryland
9,Keary Humby,1619 Manley Pass,Male,13028.22,Georgia
10,Sarina Elman,1222 Clyde Gallagher Junction,Female,3374.68,Florida
11,Cullen Doutch,0 Anzinger Alley,Male,7786.83,Tennessee
12,Bennie Morat,8123 Dayton Circle,Genderqueer,2009.88,Ohio
13,Maye Basill,1 Almo Circle,Female,5779.99,Ohio
14,Ruby Shall,7458 Summit Road,Genderfluid,3595.4,
15,Erhard Northage,181 4th Way,Male,14345.59,Louisiana
16,Kacy D'Alesio,3994 Kings Avenue,Female,13087.35,Utah
17,Darby Huggen,19554 Stoughton Center,Male,13047.88,Florida
18,Alexandr Najera,26517 Miller Parkway,Male,2626.06,Kentucky
19,Pauli Darycott,0945 Starling Trail,Female,3908.47,California
20,Donica Eassom,7 Erie Road,Female,7029.43,South Carolina
21,Luciano Ivimey,59685 Maple Crossing,Male,13894.41,Virginia
22,Loralie Willoughby,,Female,1846.37,Texas
23,Gretta Favell,8589 Hollow Ridge Crossing,Female,5269.55,Alabama
24,Adelheid Wysome,6709 American Lane,Female,13790.82,Indiana
25,Gigi Laming,3687 Cascade Avenue,Female,,Florida
26,Loni Chisnell,89581 Annamark Junction,Female,12756.79,
27,Averil Gurko,67008 Amoth Place,Male,8414.99,North Carolina
28,Inez Gilhooley,0 Melby Court,Female,2873.79,California
29,Mora Shynn,5361 Kropf Plaza,Female,10274.19,Virginia
30,Puff Worge,16 Ridgeview Crossing,Male,13748.16,Florida
31,Mirella Matusov,44 Debs Street,Female,9479.33,
32,Antony Walsom,67333 Florence Trail,Bigender,5139.76,Louisiana
33,Rupert Neylon,11698 Spohn Parkway,Male,15199.68,Minnesota
34,Stillman Fittis,7886 Ronald Regan Park,Male,11239.49,California
35,Webb Tynan,8625 Granby Way,Male,,Alabama
36,Alanna Van der Baaren,7 Kropf Trail,Female,12070.99,Texas
37,Cassy Scholl,87 Charing Cross Alley,Female,3970.16,Nevada
38,Randy O' Hogan,52 Morningstar Court,Male,6056.48,California
39,Chantal Pampling,194 Service Point,Female,3496.7,Indiana
40,Karel Corrado,6 Ilene Way,Male,4192.24,California
41,Derron Biss,41389 Continental Road,Male,15294.52,California
42,Nicolai Thowes,204 Hauk Circle,Male,15188.21,Alabama
43,Paulita Peer,0 Knutson Street,Non-binary,9532.59,California
44,Mureil Betjes,99673 Donald Court,Female,3406.04,North Carolina
45,Mitzi Aspole,64986 Dakota Hill,Female,2267.98,
46,Starla Jouannisson,63510 Loomis Circle,Female,10318.31,Texas
47,Amargo Cohn,8 8th Alley,Agender,1912.47,Wisconsin
48,Uriah Oughtright,2121 Jenna Street,Male,2453.79,
49,Horst Satteford,2573 Hagan Terrace,Male,8219.81,Maryland
50,Tiena Ogger,69517 Novick Street,Female,12753.63,Texas
51,Joachim Kitchin,646 Barby Place,Male,2013.48,Oklahoma
52,Cos Franzetti,05372 Debra Trail,Genderfluid,3426.65,Arizona
53,Peterus Bevens,7 Waxwing Park,Male,5125.8,Ohio
54,Dallon Newbery,18579 Kedzie Plaza,Male,,Florida
55,Anabelle Bushell,7 Becker Park,Female,2618.93,California
56,Sophia Monnoyer,5 Stuart Terrace,Agender,2517.93,
57,Hugh Gunningham,0800 Surrey Street,Male,12690.62,Pennsylvania
58,Shepard Pantone,39380 Clarendon Hill,Male,10511.29,Florida
59,Eduard Marran,31219 Dryden Way,Agender,4728.34,Kentucky
60,Alecia Tomlinson,18 Onsgard Point,Female,3252.02,California
61,Corrina McAlarney,92703 Mallory Crossing,Female,14622.13,
62,Tanhya Dyet,42852 Golf View Pass,Female,10467.3,Texas
63,Vivyan Vequaud,98392 Macpherson Circle,Female,6320.27,Pennsylvania
64,Fredia Galgey,2 Warner Lane,Female,11425.04,Ohio
65,Melany Hourihan,04 Quincy Trail,Female,1941.32,Texas
66,Ronda Cheek,6 Prentice Road,Female,14612.17,New Jersey
67,Domenic Hardson,19920 Mitchell Plaza,Male,3097.89,Kansas
68,Cecil Oake,8236 Trailsway Parkway,Female,,California
69,Ann Gookes,,Female,8883.27,Virginia
70,Hollyanne Folks,83 Rockefeller Plaza,Female,5312.66,New Mexico
71,Lanae Beesley,15000 Lotheville Terrace,Female,15262.09,Florida
72,Isobel MacKaig,65 Basil Hill,Female,3587.54,Texas
73,Lotti Hubbert,205 Washington Court,Female,12211.68,Maryland
74,Damaris Behnecke,557 Schmedeman Terrace,Female,14806.16,Ohio
75,Isidora Iglesias,352 Veith Junction,Female,13103.03,Ohio
76,Rodrigo Dessant,3695 Tony Junction,Male,14618.57,Michigan
77,Lianna Murdie,29787 Rigney Hill,Female,7736.86,Minnesota
78,Sidney Philippou,97671 Oak Valley Crossing,Male,11073.91,California
79,Thor Lassen,66862 Spohn Point,Male,9296.74,Illinois
80,Kipper Duffitt,4 Starling Road,Male,3755.67,Alabama
81,Iorgos Smewin,5 Dapin Drive,Male,6332.3,North Carolina
82,Alaster Presdie,30 Mccormick Alley,Male,4770.63,Maine
83,Cicily Jedrychowski,7128 Sutherland Lane,Female,6644.55,Tennessee
84,Augustine Vasyuchov,47 4th Pass,Genderqueer,12874.05,Michigan
85,Sancho Boggon,0 New Castle Point,Male,5582.69,Oklahoma
86,Jacob McGiff,189 Eggendart Street,Agender,12815.28,North Carolina
87,Emmerich Shire,4033 Forest Terrace,Male,11757.88,Texas
88,Humfrey Rohloff,87505 Algoma Pass,Male,5112.77,Missouri
89,Quincey Stollsteiner,212 Truax Drive,Male,3270.61,California
90,Adiana Andreacci,770 Dakota Trail,Female,4428.32,Indiana
91,Dan Ruffey,2 Banding Road,Male,13601.4,Massachusetts
92,Yoko Matzl,984 Morning Avenue,Non-binary,5133.99,Alabama
93,Karola Robbings,004 Hayes Trail,Female,14703.91,North Carolina
94,Vivyanne Anshell,813 Arkansas Circle,Female,12571.26,New York
95,Loree Teggart,351 Donald Parkway,Female,13597.76,
96,Kipp Licciardiello,55387 Dayton Alley,Male,4077.02,Massachusetts
97,Ebeneser Sertin,02176 Macpherson Hill,Male,14998.12,
98,Winslow Hrus,34 Buell Alley,Male,11289.5,Texas
99,Elroy Ivanishin,9 Logan Way,Male,7484.56,Washington
100,Eden Wannop,9832 Eagan Parkway,Female,12010.99,New York
101,Aguie Escofier,34967 Kenwood Terrace,Male,8635.72,Texas
102,Onfre Mathen,80 Cambridge Point,Male,8108.04,California
103,Billye Ubsdall,3 Westport Hill,Female,5642.69,Florida
104,Jordana Samples,116 Pleasure Drive,Female,10380.43,Alabama
105,Claus Fredi,5601 Macpherson Alley,Male,2958.74,
106,Deloris Giacomelli,772 Clyde Gallagher Point,Female,10994.86,Pennsylvania
107,Tomas Canellas,51 Monument Alley,Male,10614.49,
108,Mac Sowerby,914 Delladonna Terrace,Male,14594.1,New York
109,Filmer Clausner,3 Schmedeman Street,Male,12482.21,District of Columbia
110,Allina Bruckman,6759 Shelley Parkway,Female,14698.62,Nevada
111,Marylynne Jurzyk,6710 Loftsgordon Way,Female,2843.64,Florida
112,Franky Kingman,338 Larry Place,Female,6295.96,Arizona
113,Lezley Ricca,8 Mayer Drive,Male,6958.12,Illinois
114,Gipsy Scrimshaw,,Female,3093.2,Arizona
115,Alix Crudgington,15 Knutson Avenue,Male,13828.37,Texas
116,Shari Boecke,21190 Kedzie Alley,Female,10839.39,
117,Cinnamon Standrin,9020 Coolidge Road,Non-binary,14204.35,West Virginia
118,Josselyn Bollom,520 Onsgard Point,Non-binary,,Maryland
119,Janot McGirr,530 Hazelcrest Road,Female,13743.85,Texas
120,Jacquenette Shine,24944 Mcbride Lane,Female,,Virginia
121,Auroora Spick,62169 Delladonna Trail,Female,12941.23,Indiana
122,Mikey Poznan,16157 Talmadge Place,Male,4941.3,Colorado
123,Caryn Kauscher,543 Anderson Lane,Female,9552.03,Maryland
124,Brenden D'Hooghe,6620 Homewood Avenue,Male,9436.46,Utah
125,Sax Burris,8674 Morningstar Hill,Male,9017.55,Georgia
126,Abra Grossier,288 Oneill Circle,Female,1763.64,Tennessee
127,Lutero Elmer,09 Fisk Terrace,Male,5650.91,Connecticut
128,Del Bryceson,1571 Stuart Circle,Bigender,14164.6,New Jersey
129,Ellary Liversidge,421 Blue Bill Park Point,Male,10866.71,Florida
130,Cindelyn Leeson,039 Westport Alley,Female,11700.74,Pennsylvania
131,Doretta Koubu,206 Stuart Court,Female,2455.92,Washington
132,Rip Geill,32877 Northwestern Center,Male,,Oklahoma
133,Rab Sharma,22881 Farmco Hill,Male,2994.27,Florida
134,Chalmers Squires,060 Oriole Park,Male,,Ohio
135,Ulrikaumeko Axford,68 Sundown Street,Female,11758.03,Georgia
136,Johna Pughsley,00157 Mesta Junction,Female,3669.34,District of Columbia
137,Cazzie Menaul,7484 Scoville Lane,Male,9150.34,Florida
138,Eachelle Kelshaw,7567 Kings Street,Female,13076.71,Indiana
139,Shaun Veysey,3 Green Ridge Plaza,Male,13750.2,Texas
140,Saul Aldwick,086 Aberg Alley,Male,12256.11,California
141,Ephrem Whyard,89 Anthes Way,Male,12802.22,Texas
142,Brittni Minifie,1 Elka Hill,Female,7270.82,Alabama
143,Meris Hatterslay,920 Linden Plaza,Female,8102.21,Nevada
144,Dorena Esposi,6 David Street,Agender,11384.4,Nevada
145,Deeanne Medler,79921 Prentice Drive,Female,4946.13,Iowa
146,Pancho Ree,4660 Drewry Alley,Male,9072.73,Kentucky
147,Tami Spenton,7440 Crowley Drive,Bigender,5508.53,Kansas
148,Harrie Stobart,202 Carpenter Parkway,Female,4083.43,
149,Ava Allchin,60 Mesta Pass,Female,13094.99,California
150,Chancey Ingman,24292 East Way,Male,7166.22,Texas
151,Carmella Sabattier,,Female,3994.23,Texas
152,Jen Bayston,5442 Duke Trail,Genderqueer,14723.19,Missouri
153,Fancy Murch,7792 East Crossing,Genderqueer,12704.26,Texas
154,Gustave Cominotti,8 Bay Street,Male,14066.9,Missouri
155,Korie MacCahey,5 East Terrace,Female,10697.36,Iowa
156,Kennith Minucci,870 Swallow Circle,Male,9788.8,Virginia
157,Lyon Juppe,95844 John Wall Court,Male,10751.32,Virginia
158,Hector De Bernardis,5584 Manitowish Park,Male,,Florida
159,Hakim Bielfeldt,4 Florence Point,Male,12989.7,California
160,Yetta Baitson,24420 Thackeray Pass,Female,5592.12,Texas
161,Helaina Benning,7211 Dexter Street,Female,3050.85,Texas
162,Somerset Newbury,62707 Columbus Parkway,Male,4182.86,Nebraska
163,Essa Brodest,7 Clemons Center,Female,12539.11,North Dakota
164,Caresa Langshaw,9666 Oriole Road,Female,3692.34,Ohio
165,Wait Ingman,0655 Mendota Drive,Male,3728.29,Washington
166,Aile Conningham,63 Dayton Alley,Female,6404.84,New York
167,Dre Roby,26578 Oakridge Avenue,Female,3497.22,Florida
168,Kissiah de Quesne,16 Hoffman Terrace,Female,,California
169,Kelly Eborall,363 Gerald Crossing,Male,,Kentucky
170,Doro Suttell,49 Summer Ridge Road,Female,3692.28,Pennsylvania
171,Stefa Gutridge,1754 Eliot Circle,Female,,Connecticut
172,Merell McIlreavy,89 Village Green Alley,Bigender,8731.12,Washington
173,Lek Gittus,72873 Rowland Alley,Genderfluid,4534.23,Indiana
174,Jemmy Charer,61 Monument Street,Agender,5407.65,California
175,Lilia Kean,8 Hallows Crossing,Polygender,8982.24,Georgia
176,Terry Rains,83 Welch Court,Male,5723.26,Missouri
177,Kipper McCoid,336 Haas Center,Male,2426.44,Nebraska
178,Lucais Clubb,84 Eastlawn Crossing,Male,3205.98,Oregon
179,Mano Davidescu,20166 Springview Trail,Male,2885.69,Indiana
180,Collin Turbard,949 Hooker Park,Male,2093.53,New York
181,Dacy Teulier,45 Raven Parkway,Female,12595.43,Texas
182,Kylila Bridle,765 Hoard Center,Female,13773.31,Connecticut
183,Hervey Wallwood,0 Drewry Court,Genderfluid,8963.57,
184,Inna Pirelli,33595 Melby Avenue,Female,11693.62,Virginia
185,Liam Burnhams,79 Dryden Pass,Male,7858.31,Texas
186,Peirce Lavallie,7112 Fair Oaks Pass,Male,9963.92,Florida
187,Shanon Erni,0 American Avenue,Female,12525.67,Florida
188,Mercedes Larn,38 5th Plaza,Female,7443.73,Virginia
189,Debra O'Cuddie,2 Amoth Lane,Female,5339.55,Texas
190,Garrek Raselles,7 Warrior Lane,Male,11457.07,Arizona
191,Bryant Crim,853 Gina Way,Male,9665.4,Florida
192,Anthia Winders,9767 Charing Cross Crossing,Female,,Idaho
193,Kele O'Carrol,5 Burning Wood Crossing,Male,14183.12,
194,Constancia Merrell,7561 Goodland Street,Female,,Georgia
195,Tessie Clowley,8 Spohn Center,Female,4894.04,Arizona
196,Faustine Vlies,9 Reindahl Park,Female,11544.26,
197,Nananne Whorall,07 8th Place,Genderfluid,12929.67,Massachusetts
198,Isis Petherick,,Female,14765.68,Florida
199,Lark Mapples,8878 Maryland Avenue,Female,10635.04,Ohio
200,Hasty Luddy,398 Upham Place,Male,4950.11,New York
201,Cozmo Suttle,43 Norway Maple Park,Male,2138.31,Rhode Island
202,Ebba Maestrini,0 Johnson Drive,Female,12030.52,Louisiana
203,Briano Faulkes,78 Manitowish Center,Male,10494.08,Texas
204,Will Hawkswood,52383 Luster Lane,Male,14191.8,Nevada
205,Shay Siggens,194 Fordem Lane,Male,10352.98,Michigan
206,Milka Ruberry,14521 Westerfield Alley,Female,14504.78,Virginia
207,Orton Dioniso,92 Sherman Terrace,Genderfluid,8058.62,Illinois
208,Kenon Jozsika,624 Debs Point,Male,5498.72,Georgia
209,Osmond Pingston,1 Huxley Hill,Genderfluid,7699.52,Arizona
210,Cynthea Milmore,355 Armistice Crossing,Bigender,14234.55,North Carolina
211,Royall Barajaz,111 Burrows Way,Male,6724.11,New York
212,Lowell Nystrom,15 Roxbury Pass,Male,3232.28,Texas
213,Fabiano Apfel,2267 Bunker Hill Lane,Genderfluid,13672.43,Ohio
214,Shandee Mouton,1 Norway Maple Crossing,Female,11002.05,Utah
215,Caro Duffer,739 Debra Hill,Female,7367.02,Texas
216,Taite Lockley,49394 Hintze Trail,Male,10451.82,Massachusetts
217,Evelin Gridley,17010 Schiller Crossing,Male,6158.99,
218,Chicky Etherington,143 Elmside Terrace,Male,7959.54,Texas
219,Robers Netherclift,4015 Springview Way,Male,7415.35,Texas
220,Rafaello Dorning,8771 Boyd Alley,Male,12352.6,Tennessee
221,Alaster Cheavin,30 Bowman Terrace,Male,10185.45,
222,Brenna Headan,00 Susan Place,Female,11408.35,North Carolina
223,Tiertza Humbell,08400 Arizona Trail,Female,15296.05,South Carolina
224,Benedetto Childe,1 Eliot Pass,Genderfluid,7556.2,Ohio
225,Emmet Blaw,3348 Meadow Valley Parkway,Male,13943.9,
226,Pavla Partkya,498 Harper Drive,Female,3900.97,Texas
227,Lennie Grahamslaw,20685 Lyons Drive,Non-binary,13735.91,California
228,Jaimie Gimbrett,5 Blue Bill Park Place,Female,4905.55,Arkansas
229,Wallache Haggas,1226 John Wall Center,Genderqueer,7875.88,California
230,Zared Huckett,73287 David Hill,Male,8432.27,Virginia
231,Sylvan Soutar,243 Oneill Circle,Male,12941.82,Minnesota
232,Darci Bristo,75791 Schmedeman Trail,Female,7837.73,Colorado
233,Sandye Antonich,706 Oriole Avenue,Female,,Maryland
234,Haily Trees,76 Washington Place,Non-binary,8827.59,Texas
235,Emlyn Rachuig,7943 Prairie Rose Center,Female,6106.48,Ohio
236,Keefe Barrowcliffe,43331 Summer Ridge Court,Non-binary,10596.39,New York
237,Amelina Jeffery,0 Menomonie Park,Female,4118.92,California
238,Ianthe Zanetello,45123 Commercial Center,Female,13329.94,Illinois
239,Arte Lantoph,7 Golf Course Terrace,Male,14688.63,Florida
240,Kirby Gartell,884 Dottie Crossing,Female,14632.65,California
241,Merrilee Glennard,7 Kensington Plaza,Female,13030.79,District of Columbia
242,Camille Espie,92196 Lien Plaza,Female,8753.81,Virginia
243,Minta Wiggam,66 Heffernan Plaza,Female,6073.52,Texas
244,Elwood Egle of Germany,460 Leroy Trail,Male,7944.88,Massachusetts
245,Inglebert Tuckerman,93864 Fisk Park,Male,11834.55,Texas
246,Taylor Marlon,57 Magdeline Road,Male,5087.58,Illinois
247,Jamesy Borlease,64995 Sundown Crossing,Male,11178.12,Texas
248,Crystal Gayden,989 Anhalt Hill,Female,7660.05,California
249,Elisha Blakeney,4 Luster Lane,Male,9532.49,North Carolina
250,Chen Hedau,1405 East Park,Male,7588.1,Wisconsin
251,Bonnee Cottel,07 Division Court,Female,12056.95,Oregon
252,Damara Peeter,3 Warner Point,Female,4726.33,
253,Bunni Rigard,96 Continental Plaza,Female,6921.4,Ohio
254,Hilton Harlow,46529 Cordelia Point,Male,15157.22,Florida
255,Gregoire Mashal,13 Continental Street,Male,14593.42,New Jersey
256,Idell Gair,17372 Moose Crossing,Female,,
257,Joshia Bogace,62 Lukken Parkway,Male,11040.97,West Virginia
258,Wenona Chasles,23882 Morrow Plaza,Female,8137.11,Idaho
259,Rora Bertouloume,76 Mosinee Lane,Female,3919.51,Kentucky
260,Jasmin Reddel,059 Helena Street,Female,11471.09,Illinois
261,Paulette Lodevick,93664 Myrtle Street,Polygender,13889.19,
262,Denver Dransfield,0 Scofield Avenue,Male,13615.76,California
263,Phedra Pigney,49 Linden Trail,Female,6301.4,West Virginia
264,Deirdre Pietruschka,384 Buell Terrace,Female,8365.02,California
265,Tito Bernardelli,558 Hintze Court,Male,12058.23,Illinois
266,Quint Garrattley,37586 Montana Way,Male,4416.97,Florida
267,Jocelyn Perl,4 North Trail,Female,2953.74,California
268,Caryn Aujouanet,6076 Kensington Crossing,Bigender,3380.76,California
269,Holt O'Breen,387 Harbort Lane,Male,9202.69,Nebraska
270,Corissa Simionato,71 Hayes Place,Non-binary,2868.34,Massachusetts
271,Tulley Girardetti,41386 Toban Terrace,Male,7921.29,Colorado
272,Ernesto Paula,9989 Delaware Point,Male,5309.33,Texas
273,Cherlyn Hansman,34 Ridgeway Trail,Female,6404.68,Nevada
274,Tracie MacConnal,7616 Dovetail Hill,Female,2576.67,Louisiana
275,Morie Richmond,24706 Browning Court,Male,3767.15,Alabama
276,Marchelle Cecere,,Female,14074.1,California
277,Matelda Churchyard,4695 Columbus Road,Female,7330.87,Alabama
278,Charlean Pomfrett,703 Roxbury Circle,Female,8643.02,
279,Stanislaw Osborne,78 West Park,Male,,
280,Kennith Bednell,25 Russell Hill,Polygender,2634.75,Texas
281,Westleigh Euels,05 Del Sol Park,Male,7139.16,Connecticut
282,Red Swanson,19 Kensington Park,Male,10762.76,District of Columbia
283,Adolf Buterton,22165 Corscot Lane,Male,10475.8,Florida
284,Gustav Copes,91 Aberg Trail,Male,2769.44,Georgia
285,Byrom Eakin,1860 Fieldstone Hill,Male,5118.81,Indiana
286,Florrie Brunn,72652 Ludington Crossing,Female,14882.34,Georgia
287,Orv Houldin,3 Killdeer Park,Male,9331.57,Texas
288,Francis Cordy,0 Fordem Crossing,Male,4791.3,Indiana
289,Inigo Cotter,83 Redwing Crossing,Male,4554.41,Missouri
290,Yelena Eastbrook,209 Oakridge Street,Female,2463.92,Minnesota
291,Weston Tynan,5551 Merchant Junction,Male,7727.94,
292,Gilbertina MacAlpyne,69069 Center Circle,Female,13184.18,Oregon
293,Regan Loines,28 Del Sol Way,Male,4664.45,Virginia
294,Marvin Bredes,8547 Holy Cross Lane,Male,,District of Columbia
295,Bogey Jeannin,816 Village Court,Male,12727.1,South Dakota
296,Carlina Baiyle,3889 La Follette Court,Female,4562.82,Minnesota
297,Agnola O'Neill,3484 Calypso Terrace,Female,,Florida
298,Dieter Lamb,351 Waubesa Alley,Male,8271.92,Michigan
299,Lorenza Scapens,82630 Lindbergh Road,Female,10522.59,California
300,Elvis Tallon,25134 Bonner Parkway,Male,12747.0,New York
301,Ulberto Spelsbury,364 Atwood Park,Male,10341.95,Indiana
302,Meagan Phillip,13300 Meadow Valley Parkway,Female,14377.7,Texas
303,Roxanne Matthiesen,6 Golf Point,Female,10256.32,Ohio
304,Dorri Thaw,474 Springview Road,Female,10387.04,Utah
305,Germaine Lyndon,4343 Hayes Junction,Female,6270.31,Kentucky
306,Margarethe Loughead,62 Warner Court,Female,3835.45,Ohio
307,Tuckie Houdhury,17879 Spenser Court,Male,11764.22,Texas
308,Nolan Ritter,8 Gateway Pass,Male,2827.63,Missouri
309,Robbi Kimbling,50616 Mockingbird Avenue,Female,3087.24,Florida
310,Doro Erley,8 Riverside Way,Female,8693.4,
311,Leeanne Punt,15188 Namekagon Alley,Female,11065.16,California
312,Garrard Nassie,9 Comanche Junction,Male,14711.13,New York
313,Jeth Lally,40 Blaine Court,Male,13503.28,New Mexico
314,Clementine Schroder,40 Mcguire Hill,Female,4211.52,California
315,Ardath Bleiman,8471 Bashford Court,Female,11378.67,Washington
316,Ferdy Keuneke,20469 Springs Plaza,Male,10095.37,California
317,Jaclyn Tomes,0 Charing Cross Drive,Female,13698.17,Florida
318,Niall Brookbank,98931 Starling Hill,Male,3217.62,Texas
319,Lindsay Birnie,28 Dwight Park,Male,14265.03,Ohio
320,Pammie Bousquet,07585 Truax Road,Female,5909.38,North Carolina
321,Melisande Scartifield,28083 Fremont Junction,Female,7963.61,Minnesota
322,Evangelin Klejna,649 Brickson Park Junction,Female,7070.19,Minnesota
323,Calypso Yegorshin,29459 Elmside Drive,Female,6572.06,Florida
324,Sindee Lanfranconi,61165 Granby Lane,Female,3393.83,Illinois
325,Flore Benedyktowicz,95 Mifflin Junction,Female,5117.08,
326,Karrah Tuiller,7129 Dorton Hill,Female,1716.77,Georgia
327,Horst Stredder,71102 Linden Street,Male,6677.36,Utah
328,Loree Dorot,4 Ludington Road,Female,,Ohio
329,Benedetto Burchett,8 Talisman Crossing,Male,12220.18,Utah
330,Elsworth Hatz,1845 Division Parkway,Genderfluid,2773.0,Georgia
331,Charles Densham,6284 Kedzie Parkway,Polygender,14530.69,Mississippi
332,Romonda Imlacke,68579 Marcy Plaza,Female,8426.14,
333,Clarence Dymott,5 Reinke Lane,Male,12773.35,
334,Clevey Whitlock,181 Mariners Cove Avenue,Male,9271.29,Nebraska
335,Pasquale Solano,097 Vahlen Park,Male,13948.13,South Carolina
336,Jeane Kunrad,6743 Jana Alley,Female,1742.02,Illinois
337,Berry Hackley,9147 Vahlen Court,Female,11459.62,Texas
338,Elisabet Aldham,50548 Briar Crest Junction,Female,13807.38,Florida
339,Jan McEvilly,43 Sloan Crossing,Female,8783.9,California
340,Candis Eadmeades,91 Toban Street,Female,13279.63,Maryland
341,Christa Keizman,19245 Bayside Center,Female,15079.54,
342,Aggie Furlong,31635 Darwin Alley,Female,7241.26,Florida
343,Gordan Croisier,01 Linden Terrace,Male,7806.61,Virginia
344,Katy Fearnyhough,16 Banding Point,Female,,Illinois
345,Tiebold Tafani,77 Coolidge Court,Male,11936.06,Illinois
346,Arman Brobyn,3223 Bay Junction,Male,6454.42,Florida
347,Cedric Rome,08 Erie Lane,Male,4457.21,Colorado
348,Hobie Gluyas,0911 Holmberg Trail,Male,14259.22,Tennessee
349,Friedrich Tocque,55 Reindahl Pass,Male,8611.06,Florida
350,Josiah Effaunt,9 Briar Crest Point,Male,11688.53,Maryland
351,Delano Canny,9 Cambridge Pass,Male,13461.95,Oregon
352,Shae Stockell,40654 Leroy Point,Male,7657.95,Minnesota
353,Clem Strettle,92838 Golf View Trail,Bigender,6245.35,West Virginia
354,Anthe Charnock,31026 Onsgard Lane,Female,6339.38,Texas
355,Harvey Primett,10 Talmadge Center,Male,,Texas
356,Rania Zanetello,45 Riverside Point,Female,9709.4,New York
357,Gwenny Lyttle,135 Northridge Terrace,Female,3827.01,California
358,Earl Brehaut,12330 Steensland Park,Male,8513.35,Pennsylvania
359,Inglebert Scottini,43664 Sachtjen Point,Polygender,2468.49,Arizona
360,Brena Macias,32116 Lighthouse Bay Center,Female,9315.41,Florida
361,Muffin Thomel,7 Calypso Circle,Male,5333.31,California
362,Giffer Spilsbury,803 Northland Circle,Non-binary,11381.97,Oklahoma
363,Avie Pennone,89121 Novick Center,Female,7139.69,Arkansas
364,Germain Kenneway,6892 Kropf Alley,Male,12365.2,Nevada
365,Robers Beltzner,3 Moulton Way,Male,7603.79,Texas
366,Judith Slany,80 Gina Road,Female,7962.24,Alabama
367,Shaun Dobrowolny,7 Talmadge Road,Male,6668.33,Florida
368,Valdemar Pirozzi,27 Melvin Parkway,Genderqueer,13914.58,Florida
369,Amby Gooke,336 Trailsway Parkway,Non-binary,9892.78,Texas
370,Jodi Hyman,49486 Prairie Rose Way,Male,9089.24,
371,Lucien Orange,46398 Milwaukee Center,Male,10660.93,Texas
372,Jody Vasile,19667 Springview Pass,Female,10868.24,Maryland
373,Milly Large,04398 Graedel Center,Female,,Minnesota
374,Glyn Kyffin,56 Onsgard Street,Male,2772.92,Oregon
375,Lil Iveans,517 Gina Junction,Female,10331.89,Virginia
376,Bobby Minnis,0317 Rigney Center,Male,10206.04,California
377,Fifi Breyt,63 Vera Park,Polygender,5071.4,Florida
378,Petronilla Tibbs,982 Rockefeller Center,Bigender,9106.05,Ohio
379,Lind Schruur,421 High Crossing Park,Male,13772.01,South Carolina
380,Porter Tale,46834 Moulton Trail,Male,12752.49,Virginia
381,Derrek Peers,7760 Reindahl Crossing,Bigender,8709.96,Arizona
382,Rasla Grane,1625 Bowman Junction,Female,12762.08,Louisiana
383,Ivor Langcastle,0 Red Cloud Way,Male,8845.76,Georgia
384,Meryl Papes,54571 Manufacturers Avenue,Male,8485.48,
385,Catlaina Matityahu,8 Debra Pass,Female,10739.3,
386,Bentlee Crannage,5270 Emmet Park,Male,15171.93,New Jersey
387,Hank Casbourne,8 Jay Terrace,Male,1751.41,Michigan
388,Derek Perello,0 Bonner Drive,Male,6063.2,New York
389,Craig Manners,15 Grim Trail,Male,15035.61,North Carolina
390,Jedd Skayman,049 Crowley Terrace,Male,2779.36,
391,Obidiah Pedlow,3265 Vermont Parkway,Male,15190.64,District of Columbia
392,Marillin Bodker,2 Dwight Place,Female,2039.33,Nevada
393,Regen Mairs,,Male,10519.18,Texas
394,Kathlin Baseley,9655 Birchwood Avenue,Polygender,10873.93,Pennsylvania
395,Sid Cossor,63818 Almo Drive,Male,14821.82,Michigan
396,Nicolas Bailey,27220 Brown Alley,Male,6904.56,Virginia
397,Burnard Ayrs,2 Dawn Lane,Genderfluid,4785.05,Alaska
398,Ado Lauga,62 Sunnyside Junction,Male,12552.0,Florida
399,Cher Astbery,4845 Armistice Trail,Female,12115.29,
400,Mollee Folini,70 Northview Hill,Female,,Tennessee
401,Bron Haggerstone,72671 Mosinee Hill,Male,5418.57,Kansas
402,Joachim Whitman,033 Hayes Center,Male,9203.02,Florida
403,Sileas Spens,7 Butternut Place,Female,2048.54,Oregon
404,Timmy Belshaw,93941 Mallory Drive,Female,8376.53,Wisconsin
405,Bondon Wisson,89308 Stephen Terrace,Male,8359.92,Mississippi
406,Mohandis Vurley,38554 Blaine Way,Male,13772.65,Hawaii
407,Justino Prodrick,1 Amoth Point,Male,10307.31,Arizona
408,Jerrie Gianolini,0661 Anderson Junction,Male,12260.9,California
409,Sheila-kathryn Rachuig,4943 Charing Cross Crossing,Female,3074.04,Ohio
410,Gail Bellison,65897 Duke Parkway,Male,7813.51,Pennsylvania
411,Donelle Marriott,2 Forest Run Court,Female,11562.38,New York
412,Conrad Hedan,266 Hanson Point,Male,13547.56,Florida
413,Conn Simonich,99 Briar Crest Alley,Male,5646.43,California
414,Rafaello Brighouse,85 Reindahl Alley,Male,13868.49,Maryland
415,Dynah Van Ross,2 Dwight Point,Female,5627.74,California
416,Malia Gulston,14 Transport Plaza,Female,5999.25,Washington
417,Pierson Frankham,03 Toban Place,Male,6069.79,Wisconsin
418,Clarabelle Westall,7281 4th Center,Female,2399.54,Texas
419,Etta Guyon,78171 Mayer Hill,Female,13423.5,Georgia
420,Nedda Santore,,Non-binary,3710.8,Louisiana
421,Sanders Czaple,66 Commercial Plaza,Male,7623.47,Pennsylvania
422,Krissie Kepling,29783 Brickson Park Trail,Female,13971.78,California
423,Sal Killingbeck,70 Buell Pass,Male,1837.74,Ohio
424,Tersina Doubleday,3136 Oneill Way,Female,13826.61,Colorado
425,Aila Kem,17195 Surrey Crossing,Female,7107.15,California
426,Jarrad Curtayne,745 Meadow Ridge Road,Male,6049.79,Florida
427,Lamar Crunkhurn,76146 Trailsway Street,Male,7944.3,California
428,Alain Kinny,11057 Moose Trail,Male,5918.81,Pennsylvania
429,Bart Haukey,77 Amoth Plaza,Male,10014.59,Florida
430,Angelika Inkpen,1315 Coleman Point,Female,14815.56,Connecticut
431,Teresita Routley,46 Heath Point,Female,5276.27,Florida
432,Lewie Kenyam,8 Rutledge Junction,Male,10612.71,North Carolina
433,Jermaine Phinnis,6 Walton Drive,Male,12628.87,Texas
434,Blondelle Paolinelli,70464 Brentwood Alley,Female,14949.57,Massachusetts
435,Marcile Elphinston,12668 Boyd Junction,Female,2828.71,South Dakota
436,Andee O'Sherin,8544 Moose Terrace,Female,6422.59,Texas
437,Calla Tows,47 Forest Junction,Female,12204.71,Pennsylvania
438,Elli Scrancher,4246 Schmedeman Street,Female,6148.54,Ohio
439,Ingram Benoy,2 Tony Point,Genderfluid,6582.64,
440,Bryanty Burnhams,6 David Trail,Male,2845.57,Michigan
441,Austin Bowhay,57490 Roxbury Court,Female,10486.87,Colorado
442,Issi Eberst,1 Eastlawn Trail,Female,11428.01,Colorado
443,Bay Carek,51799 Veith Alley,Male,9580.98,Texas
444,Federico Benech,6333 New Castle Terrace,Male,6363.94,Nevada
445,Hodge Bussons,534 Everett Alley,Male,13726.13,Michigan
446,Valentino Govan,4799 Pepper Wood Crossing,Male,7548.55,Hawaii
447,Eddie Faunch,03457 Independence Point,Female,13275.94,Mississippi
448,Eleni Blainey,0677 Rutledge Plaza,Female,7500.47,North Carolina
449,Jacquelin Kentwell,966 Meadow Ridge Drive,Female,4145.23,Pennsylvania
450,Katine Wimp,92988 Hayes Crossing,Female,3432.85,California
451,Kalinda Warrilow,93 Vera Park,Female,9135.84,Florida
452,Rorke Cherrie,31 Moland Crossing,Male,6452.94,Alabama
453,Clio Morican,650 Lotheville Street,Female,12426.18,California
454,Oswald Roden,9 Pennsylvania Point,Male,9373.91,District of Columbia
455,Durante Blewmen,3498 Eagan Street,Male,11879.21,Massachusetts
456,Sibylle Winman,6818 Victoria Drive,Female,4671.74,Indiana
457,Raphaela Querree,4 Moose Plaza,Genderqueer,6200.74,
458,Willis Sieghart,896 Derek Hill,Male,14500.94,Iowa
459,Humbert Flacke,9451 Union Avenue,Male,3748.31,Florida
460,Bronny Vasyunichev,69 Hoard Way,Male,4315.81,Minnesota
461,Lanni Chinnock,24975 Sugar Lane,Female,7912.34,Pennsylvania
462,Jorrie Winpenny,5 Hovde Center,Female,13644.28,South Carolina
463,Olenka Chillistone,6 Rowland Way,Female,14838.35,Virginia
464,Jillana Mallon,359 Daystar Circle,Female,10911.19,California
465,Jeffry Farfolomeev,5 Debra Place,Male,,Georgia
466,Sherill Stephen,41217 Lotheville Circle,Female,4288.65,Texas
467,Jammie Shufflebotham,2 Hoard Terrace,Female,12311.79,Florida
468,Norene Best,47 Becker Place,Female,7653.22,New York
469,Gabrila Morling,43 Kennedy Circle,Female,14289.32,Texas
470,Lee Lomis,6737 Scoville Circle,Male,12207.22,Kentucky
471,Nariko Linskey,3469 Arkansas Road,Female,12900.3,Texas
472,Barry Jordin,55 Mockingbird Trail,Male,,North Carolina
473,Netti Clemmey,169 Vidon Pass,Female,12592.38,Florida
474,Ganny Flynn,325 Waubesa Alley,Male,2983.19,West Virginia
475,Dominick Benaine,80855 Texas Center,Male,7782.42,Florida
476,Raynard Wick,910 Mandrake Drive,Male,4498.3,California
477,Neill Maginot,4 Warrior Center,Male,11780.73,Oregon
478,Chad Langshaw,437 Arapahoe Street,Female,3645.18,Texas
479,Cornelia Addenbrooke,463 Vermont Way,Female,3797.34,Iowa
480,Katleen Philipeaux,20113 Gina Circle,Female,11034.42,Illinois
481,Hayyim Syplus,884 Jackson Terrace,Male,2930.33,Pennsylvania
482,Lynnea Willishire,5256 Beilfuss Pass,Female,6042.28,Missouri
483,Alanna Ludewig,5 Lakeland Street,Bigender,4686.18,Virginia
484,Nickolaus Johns,6 David Way,Male,2878.3,New York
485,Jeni Cumberland,254 Dovetail Street,Female,11307.7,
486,Ivette Faux,752 Hoepker Place,Non-binary,12899.89,Kentucky
487,Saudra Robottham,85633 Basil Plaza,Female,13004.31,Texas
488,Tull Eddie,87 Granby Junction,Male,10994.82,Michigan
489,Anabelle De Mattia,602 Oak Center,Female,5040.49,Texas
490,Rod Wickens,53205 Washington Avenue,Male,10561.39,California
491,Melodee Yukhnin,91269 Red Cloud Parkway,Female,5453.38,New Mexico
492,Karlene Dilliston,5052 Surrey Trail,Female,2924.8,South Carolina
493,Wesley Hazeldine,90785 Sullivan Point,Male,14849.09,Texas
494,Juan Henri,069 Hintze Lane,Male,15306.24,Florida
495,Nobe Sterrick,92 Debs Parkway,Male,12452.79,Oregon
496,Atlanta McLaughlin,6403 Birchwood Trail,Female,15232.54,California
497,Vinny Achurch,0835 Texas Parkway,Male,7408.52,Ohio
498,Ilario MacLure,3 Brickson Park Park,Male,11606.88,California
499,Sander Kharchinski,1 Bluestem Court,Agender,8889.09,Nevada
500,Laina Webber,873 Village Green Trail,Female,7799.39,Virginia
501,Keane Cleverley,27916 Dwight Street,Male,15270.27,California
502,Austina Mulchrone,05 Everett Lane,Female,3575.53,California
503,Lutero Potier,35 Walton Point,Male,14995.66,Nebraska
504,Darin McCuish,696 Mcguire Court,Male,8865.82,California
505,Tommy Dumbleton,14 Southridge Lane,Female,1891.94,New York
506,Lynsey Sever,010 7th Alley,Female,2409.91,Texas
507,Marian Petyakov,9 Novick Street,Female,2546.33,California
508,Hermine Village,9974 Browning Place,Female,2678.46,Pennsylvania
509,Parry McAlindon,00782 Stoughton Center,Polygender,8158.49,California
510,Walther Nanninini,81 Toban Center,Male,7461.65,Connecticut
511,Norine Cortese,36 Nova Court,Female,8015.01,Pennsylvania
512,Regan Leades,80833 Kim Place,Genderfluid,2742.4,South Carolina
513,Hilliary Strike,90 Stuart Circle,Female,3047.02,North Carolina
514,Gwenora Rivalant,75 Derek Hill,Female,7087.17,Alaska
515,Odey Proctor,677 Ridge Oak Pass,Male,13828.89,
516,Durand Puddan,332 Blackbird Lane,Male,10044.21,Illinois
517,Ollie Pinching,5842 Ridgeview Crossing,Male,,California
518,Paige Walby,368 Autumn Leaf Drive,Male,6129.18,Florida
519,Teddi Begbie,3 Kingsford Terrace,Female,6930.64,Alaska
520,Roze Dysart,5 Sutteridge Hill,Female,3819.4,California
521,Kinna Muge,7041 Jenifer Circle,Female,5350.4,California
522,Abram Cowthart,18683 Texas Lane,Male,9770.33,California
523,Hugibert Dodgson,1 Buell Crossing,Male,7595.31,Florida
524,Faith Wasmer,2298 Westend Crossing,Female,,Colorado
525,Forest Skrines,200 Mosinee Center,Male,10504.79,Connecticut
526,Gunter Bernuzzi,33 Clarendon Terrace,Male,10114.0,Florida
527,Belva Taberner,0 Continental Way,Female,7172.7,Alabama
528,Tobey Sterling,8112 Menomonie Street,Bigender,2803.36,
529,Carlee Shoebottom,9280 Luster Crossing,Female,9394.28,Oregon
530,Doyle Caulkett,4 Cambridge Terrace,Male,13452.76,Pennsylvania
531,Leeann Serrier,7 Jay Hill,Female,5283.91,Connecticut
532,Kerstin Haime,9 David Drive,Female,4734.81,North Carolina
533,Janette Wilkowski,8 Acker Lane,Female,9775.04,Illinois
534,Durante Gosnay,86786 Dryden Pass,Male,15029.7,North Carolina
535,Drugi Girodier,67 Scofield Alley,Male,,Connecticut
536,Vaughn Heazel,2958 Rigney Alley,Male,3370.23,Texas
537,Ilaire Clamo,148 Linden Place,Male,6467.94,Nebraska
538,Halsey Champerlen,9 Comanche Lane,Male,3972.08,California
539,Maddalena Tiebe,6306 Tennessee Trail,Female,12273.86,Alabama
540,Lem Antoniewicz,,Male,4727.38,Alabama
541,Claiborne Bartles,67 Manitowish Junction,Male,14593.81,Texas
542,Bar Stidston,2080 Northview Crossing,Male,12072.08,Washington
543,Rikki Brisseau,,Female,1917.83,Georgia
544,Samson Wace,97 Carpenter Pass,Male,14465.51,Texas
545,Bran Dufton,5740 Hoffman Terrace,Male,3744.29,Arizona
546,Efrem Agius,5409 Everett Hill,Male,10128.93,
547,Duke Kivlehan,98995 3rd Avenue,Male,14992.37,California
548,Baird Topham,20704 Nobel Avenue,Male,14408.58,Pennsylvania
549,Alicea Marrill,3477 Mallard Avenue,Female,5653.65,Alabama
550,Reinaldo Zieme,1909 South Plaza,Male,6785.94,California
551,Florette Gepson,43688 Straubel Plaza,Female,15103.01,Texas
552,Fidel Lowthorpe,29 Algoma Circle,Male,10636.37,Tennessee
553,Ethelda Dutchburn,26 Mccormick Road,Female,7705.63,California
554,Corina Seven,4190 Scofield Avenue,Female,8096.38,
555,Clair Lys,9713 Fairfield Street,Female,3483.58,Wisconsin
556,Noah Jemmett,5335 Summerview Drive,Male,3999.77,South Carolina
557,Jason Gippes,380 Anderson Road,Male,2454.35,New Mexico
558,Tamara Reuben,1 Kipling Pass,Female,4911.02,Ohio
559,Domenico Bolan,6 Parkside Junction,Male,5687.73,Virginia
560,Matthew Velde,65 Reinke Alley,Male,4635.38,District of Columbia
561,Terese Thirst,63 Vahlen Place,Female,,Iowa
562,Wilmer Axel,6483 Surrey Plaza,Male,7477.42,California
563,Godfrey Tures,,Male,7314.45,Maryland
564,Thor Drakard,60 Lakewood Alley,Male,7691.0,California
565,Tressa Limming,5 Bonner Circle,Female,3240.02,Massachusetts
566,Constanta Fencott,30 Forster Plaza,Female,9194.45,New York
567,Eloisa Moreland,73 Anniversary Junction,Female,7898.51,Florida
568,Klaus Zemler,8 Farragut Road,Male,9063.36,New York
569,Camala Pendell,6 Hazelcrest Point,Female,7020.7,North Carolina
570,Casey Domoney,5054 Hoffman Place,Agender,13978.81,Tennessee
571,Woodie Halvosen,29 Delaware Place,Male,12218.58,Nevada
572,Pablo Craster,3971 Bowman Way,Male,11841.41,
573,Marlyn Collick,28 Muir Junction,Female,,Tennessee
574,Mechelle Kerswill,398 Tennessee Park,Female,14762.34,Texas
575,Elysia Tiron,4 Sloan Park,Female,8874.56,Pennsylvania
576,Hasty Terry,05 Dawn Trail,Male,11199.16,Texas
577,Harper Pickavant,32926 Marcy Drive,Male,10133.57,Alabama
578,Jarad Montfort,9880 Clemons Parkway,Male,5386.13,Texas
579,Elane Browse,3 1st Circle,Female,2299.39,Texas
580,Carroll Dullard,3 Maryland Junction,Male,,Maryland
581,Gan Tremeer,0 Sheridan Crossing,Male,12430.7,Kansas
582,Rodolph Dewey,95048 Dorton Avenue,Non-binary,13055.88,Oregon
583,Ellissa Butterick,72 Fallview Point,Female,13536.55,California
584,Loree Taylor,66755 Warrior Hill,Non-binary,4478.79,Florida
585,Eli Bleasdale,150 Southridge Hill,Male,14399.33,Ohio
586,Charlton Ziehms,992 Morningstar Avenue,Male,8435.42,Florida
587,Gus Ranken,30 Washington Trail,Female,12015.13,Alabama
588,Hailee Purchase,4834 Ryan Drive,Female,12515.51,Kentucky
589,Garth Linguard,2445 Dixon Crossing,Male,14420.45,Montana
590,Blondy Oseman,60809 Burrows Way,Female,12997.98,
591,Willetta Kearey,82 Westport Street,Female,5076.77,
592,Ashla Matejic,4796 Novick Alley,Female,9833.04,Illinois
593,Martita Cosslett,91127 Drewry Alley,Female,13100.3,Pennsylvania
594,Ana Folkerd,11 Roth Street,Female,13818.26,Texas
595,Horatia Pashba,7857 Stuart Pass,Female,7042.53,
596,Arman Garza,718 Towne Circle,Male,,Texas
597,Rena Brett,7 Meadow Ridge Way,Genderqueer,2246.07,Mississippi
598,Fonzie Beverage,7398 Oak Valley Plaza,Male,2601.59,Texas
599,Port Lonsdale,6106 Bunting Court,Male,8778.19,
600,Bertha Dotson,5044 Roth Junction,Female,,New York
601,Jeanne Monger,51429 Southridge Circle,Female,9059.39,Delaware
602,Johnathan Tryme,30 Westend Plaza,Male,12114.05,District of Columbia
603,Greggory Goalley,186 Anthes Plaza,Male,8007.28,Minnesota
604,Nappy Fihelly,690 Lakewood Gardens Way,Male,5847.35,Massachusetts
605,Myron Downgate,689 Dapin Pass,Male,12522.92,Alaska
606,Genna Kester,06 Portage Hill,Female,7446.56,Kentucky
607,Danni Brashier,411 Helena Street,Female,,Pennsylvania
608,Marietta Oliveira,85 Thierer Point,Male,7451.09,Arizona
609,Alfie Monnery,49 Gerald Alley,Female,13913.16,Missouri
610,Lydon Swyndley,9547 Killdeer Pass,Male,6708.47,Texas
611,Rodd Gatlin,09908 Rigney Way,Male,7911.92,
612,Garvey Welton,0 Eliot Avenue,Male,9991.4,Alabama
613,Catlaina Bendson,107 Browning Crossing,Female,5873.3,Colorado
614,Sydel Cottu,327 Division Park,Female,5403.52,California
615,Stefanie Carbonell,6478 Manley Drive,Female,12066.23,Arizona
616,Deane Petren,731 East Alley,Genderfluid,,Hawaii
617,Bale Kalderon,66091 Tomscot Place,Male,4999.24,California
618,Thorin Featherbie,6940 Dunning Parkway,Bigender,4319.99,Illinois
619,Jacquie Cheesman,854 American Point,Female,8649.86,Florida
620,Rolando Trayes,62336 Sutherland Trail,Male,3863.85,Texas
621,Rossie Wood,71734 Division Hill,Male,8918.28,Indiana
622,Trace Hagan,69 Ruskin Street,Male,12069.62,New Hampshire
623,Gunner Matitiaho,9261 Manitowish Center,Male,,Louisiana
624,Lanita Gilson,9909 Trailsway Circle,Female,11754.15,Florida
625,Gay Ewells,9 Larry Lane,Male,5948.4,Missouri
626,Renado Cuthill,2848 Moulton Circle,Male,5432.12,Missouri
627,Celinka Damant,75781 Rigney Crossing,Female,13884.08,Arizona
628,Mindy Wadforth,06 Linden Drive,Female,4492.08,Minnesota
629,Yorker Ahearne,20 Bartelt Trail,Male,2046.37,Illinois
630,Heloise Giovanazzi,38 Mcguire Road,Female,3936.06,
631,Willi Fruin,8745 Debs Court,Female,7607.81,Illinois
632,Chrystal Musselwhite,118 Pine View Court,Female,11988.73,Virginia
633,Marilee Ingerson,2 Vermont Place,Female,15242.34,Iowa
634,Hamish Gaymar,3 Holy Cross Street,Male,8567.74,North Carolina
635,Kassandra Iianon,4450 Toban Center,Female,15091.72,Pennsylvania
636,Alleyn Bointon,697 Heath Pass,Male,2309.82,Connecticut
637,Gilberta Dryburgh,2 Leroy Trail,Female,2250.11,Ohio
638,Flossi Boutwell,7419 Riverside Way,Female,9575.37,Indiana
639,Elsi Josofovitz,728 Nobel Pass,Female,4806.16,District of Columbia
640,Delaney Challace,,Male,12477.85,Washington
641,Fey Pawelczyk,8 Carioca Way,Female,13915.09,Colorado
642,Myrtice Toppas,38 Londonderry Point,Female,10474.58,Missouri
643,Lindi Chaudhry,91 Grover Street,Female,7903.28,New York
644,Liza Fauning,36 South Pass,Female,9152.18,Texas
645,Nataniel Britt,576 Waubesa Drive,Male,7896.81,Alabama
646,Johan Muston,294 Beilfuss Alley,Male,13256.56,Washington
647,Ogdan Wenban,876 Walton Street,Male,2728.23,Georgia
648,Godfrey Babe,86119 Fremont Avenue,Male,2630.35,Massachusetts
649,Othello Morbey,64789 Clove Terrace,Male,10434.35,Texas
650,Felice Kiddell,33097 Graedel Plaza,Male,4124.14,Virginia
651,Omero Brawson,350 Maywood Lane,Male,3353.4,California
652,Natassia Tomblett,76017 Pearson Circle,Female,2950.99,Maryland
653,Shandra Jacob,9907 Fieldstone Lane,Female,10832.01,Indiana
654,Candy Bernardot,817 Crownhardt Circle,Female,7666.96,Colorado
655,Stevy Dilland,8 Mitchell Crossing,Male,3360.05,Texas
656,Edgardo Eunson,726 Fremont Drive,Male,,California
657,Amberly Indruch,1 John Wall Parkway,Female,7856.52,
658,Kerri Howle,30 Vernon Way,Female,2919.38,Oklahoma
659,Felike Liddall,2 Nova Parkway,Male,10257.37,Florida
660,Dorise Nowakowski,3 Mariners Cove Court,Female,11390.39,California
661,Gerry Eriksson,20662 Pennsylvania Alley,Male,2873.03,Tennessee
662,Salvatore Gwilt,64241 Randy Court,Male,11187.78,Ohio
663,Maribeth Leaney,8 Bowman Point,Female,8265.04,
664,Rudd Dhenin,41 Lakeland Trail,Male,4954.82,Tennessee
665,Mamie Aucourte,819 Old Gate Hill,Female,11509.95,Michigan
666,Nat Gisbye,3499 Hollow Ridge Trail,Male,5685.48,Colorado
667,Nevile Lydden,59168 Dakota Pass,Male,3857.77,Indiana
668,Jarrad Minci,7 Rusk Avenue,Male,9936.1,Indiana
669,Chadwick Murrill,5036 Lillian Parkway,Male,7326.44,Hawaii
670,Cammy Roche,7 Graedel Place,Male,9261.47,California
671,Lauren Gladtbach,7 Wayridge Road,Male,15054.81,Texas
672,Ynez Burtwistle,5068 Darwin Junction,Female,14836.95,Utah
673,Amelia Stefi,0 Pleasure Junction,Female,11098.73,California
674,Kippar Chamberlen,32 Pepper Wood Trail,Male,3378.32,California
675,Janessa Caldaro,9 Burrows Place,Female,10265.85,Alaska
676,Conant Cosgrive,68 Oakridge Avenue,Male,11940.89,Colorado
677,Jodi Pacitti,1961 Novick Trail,Genderfluid,2893.44,
678,Clementina Dedden,74576 Riverside Avenue,Female,7301.33,Ohio
679,Perice Delmage,543 Moose Junction,Male,14405.47,Illinois
680,Wain Fragino,08 Westport Avenue,Male,9953.88,Idaho
681,Joleen Heggison,69 Havey Trail,Female,9953.73,West Virginia
682,Clarey O'Dogherty,5810 Milwaukee Center,Female,9802.58,Oklahoma
683,Hartwell O'Shaughnessy,3243 Manley Park,Male,10281.62,California
684,Torrence Evens,908 Manitowish Pass,Male,10346.32,Utah
685,Creighton Readwin,84887 Crest Line Park,Male,14048.63,Virginia
686,Isabella Audley,01272 Fieldstone Avenue,Female,2377.96,District of Columbia
687,Devin Wife,635 Coleman Lane,Male,7876.58,Nevada
688,Alena Weerdenburg,0 Columbus Hill,Female,11696.59,Texas
689,Emmerich Paxeford,43 Gina Way,Male,4340.82,
690,Ruddy Alenov,0 Fairfield Parkway,Male,,Minnesota
691,Theodoric Matthewman,237 Lillian Drive,Male,10232.82,Florida
692,Bastian Kuhle,09879 Lotheville Street,Male,9347.73,Minnesota
693,Kort Myhill,,Male,6664.36,New York
694,Kirbee O'Cannavan,014 Schurz Crossing,Female,7466.95,Connecticut
695,Anabelle Piddick,2208 Northridge Lane,Female,4831.16,Florida
696,Davidde Slogrove,13 Dayton Street,Male,3868.17,
697,Yvon Formoy,93167 Carioca Court,Male,5983.14,Texas
698,Alexis Flemming,5571 Fordem Hill,Female,1701.83,New York
699,Ashien Waggett,761 Scofield Parkway,Female,7836.21,Indiana
700,Aldrich Werrett,0 Montana Plaza,Genderqueer,14654.24,California
701,Aurora Wadeson,2 Esker Junction,Female,11296.06,Florida
702,Corrianne Cowthart,13111 Shopko Avenue,Female,12922.86,Texas
703,Palm Fearby,17 Sugar Point,Male,4101.21,Michigan
704,Binnie Scrymgeour,80160 Burning Wood Terrace,Female,13011.45,Florida
705,Millisent Ponsford,141 Marquette Center,Female,9648.49,Missouri
706,Dorena Primmer,70921 Corben Plaza,Female,14821.62,Arizona
707,Hamil Richen,299 Trailsway Crossing,Male,14848.76,Utah
708,Ludovico Camerana,46 Jackson Center,Bigender,9061.95,Texas
709,Rhona Yeo,5896 Randy Trail,Female,6930.43,Florida
710,Saxe Royal,53575 Farwell Place,Male,4489.87,Ohio
711,Vidovik Allen,11958 Mifflin Parkway,Male,2931.59,California
712,Skell Gyngell,337 Stoughton Road,Genderqueer,5608.96,Texas
713,Townie Ullrich,23 Cherokee Crossing,Male,12785.09,Georgia
714,Chrysa Kaplan,5 Esker Alley,Female,12839.43,Wisconsin
715,Early Merrifield,19411 Blaine Crossing,Male,13603.69,Michigan
716,Sylas Scamadine,8597 Menomonie Junction,Male,12146.34,Florida
717,Arlene Dehm,9 Clarendon Court,Female,13856.19,New York
718,Conan Golsthorp,9 Basil Alley,Male,12226.87,Georgia
719,Maribelle Ternott,,Female,13729.38,Delaware
720,Julio Mantrup,09 Westerfield Parkway,Male,11461.25,Missouri
721,Vaclav Dukes,04 Arrowood Court,Male,14422.77,
722,Bunni Spurier,47 Briar Crest Alley,Female,13760.96,New York
723,Gerrard Sutcliff,81955 Kennedy Hill,Male,7382.69,New York
724,Granville Linny,93863 Di Loreto Lane,Male,9912.76,Florida
725,Valdemar Brandreth,7038 Lakeland Parkway,Agender,10458.98,District of Columbia
726,Rodrigo Ungaretti,07402 Emmet Center,Male,5812.29,Virginia
727,Fabian Wrennall,15 Swallow Avenue,Male,8497.39,Florida
728,Etheline Garvagh,13 East Hill,Female,13484.44,Florida
729,Alisa Walkey,49987 Chinook Junction,Female,7266.32,
730,Letti McGarrell,8 Red Cloud Hill,Female,10773.62,California
731,Gypsy Rickcord,4 Charing Cross Drive,Female,12584.63,Michigan
732,Claudian Kuhle,8360 Springs Avenue,Male,5889.8,California
733,Larry Gostridge,910 Mayer Park,Male,10452.87,Indiana
734,Tirrell Cadreman,48 Arapahoe Park,Male,4963.21,South Carolina
735,Shelley MacCostigan,28875 Arrowood Junction,Female,10082.48,Ohio
736,Ruttger MacGuigan,070 Burning Wood Road,Male,4691.8,Texas
737,Bjorn Lambin,432 Welch Hill,Male,14520.1,California
738,Dominica Stubbings,35 Roth Terrace,Female,,Massachusetts
739,Allina Godding,011 Hollow Ridge Hill,Female,13274.17,West Virginia
740,Dwayne Jeffress,6860 Hanson Hill,Male,13050.0,Florida
741,Brooke Senescall,0261 Steensland Terrace,Non-binary,12888.04,Ohio
742,Tina Toffoletto,800 Hauk Plaza,Female,9486.44,Florida
743,Bel Megany,3 Evergreen Road,Female,10609.64,Maryland
744,Tarah Trenholm,10057 Kipling Park,Female,8334.06,Delaware
745,Zachariah MacSkeagan,45048 Columbus Lane,Male,9708.36,Texas
746,Ailyn Bozworth,4 Rigney Trail,Female,1970.19,Connecticut
747,Philip Dri,404 Annamark Court,Male,6115.02,District of Columbia
748,Marlee Shinner,113 Toban Way,Female,3175.55,Tennessee
749,Dolf Yu,2 Sauthoff Hill,Male,10447.49,Illinois
750,Nolana Braisby,771 Lindbergh Street,Female,11575.75,Tennessee
751,Orelia Dorro,76 Birchwood Street,Female,13092.98,Washington
752,Alejandra Finnie,5 Lillian Plaza,Agender,9888.3,Wisconsin
753,Eydie Ruscoe,87 Bultman Point,Female,4737.17,Virginia
754,Selia Blodgetts,36789 Buhler Point,Genderfluid,12019.66,Virginia
755,Karyn Hollidge,0 Algoma Terrace,Female,4252.5,Texas
756,Siward Nuth,6 Toban Junction,Male,,Louisiana
757,Janine Ruston,5 Moose Lane,Female,5927.75,Alabama
758,Quintana Jodlkowski,4549 Canary Circle,Female,11048.37,Ohio
759,Tyler Alltimes,564 Prentice Crossing,Male,7035.91,Georgia
760,Joachim Ropkins,708 Toban Road,Male,3886.73,North Carolina
761,Filip Woof,0312 Mandrake Lane,Male,2293.29,Oklahoma
762,Bil Pury,89 Fairfield Avenue,Male,7672.53,Colorado
763,Virginie Voysey,169 Prairie Rose Park,Female,13995.26,Colorado
764,Gilligan Regler,3 Green Ridge Court,Female,14823.52,Texas
765,Felisha Fearon,1235 Surrey Terrace,Female,6044.01,Tennessee
766,Sax MacAlpine,78269 Messerschmidt Terrace,Male,13519.11,District of Columbia
767,Bambi Fryatt,800 Lerdahl Street,Female,7048.73,California
768,Gretel Lodder,5 Harper Road,Genderfluid,5641.23,
769,Frannie Potkin,496 Roth Drive,Male,3625.76,Kentucky
770,Emili Dalgardno,12281 Memorial Circle,Female,7451.63,Florida
771,Rita Potkin,83 Lighthouse Bay Plaza,Female,5572.55,Texas
772,Sigismundo de Banke,0154 Pearson Road,Male,8908.96,Texas
773,Inglis Sannes,923 Macpherson Terrace,Male,4659.59,Illinois
774,Salvador Mosten,807 Hollow Ridge Way,Male,13835.84,North Carolina
775,Mirelle Smedley,6386 Esker Plaza,Female,13071.83,Wisconsin
776,Maurits Picton,50438 Emmet Alley,Male,14178.97,Massachusetts
777,Ignace Southwick,4 Esch Hill,Male,2553.85,Texas
778,Valerie Slader,6 Monument Trail,Female,12722.94,Florida
779,Dorisa Lanney,853 Weeping Birch Point,Female,5500.19,North Carolina
780,Carroll Glendza,4 West Parkway,Male,,Texas
781,Lynn Cantwell,3704 Namekagon Place,Male,12161.83,Florida
782,Skipton Dumigan,8 4th Point,Male,,Kansas
783,Hyman Dunphie,31 Ridgeview Place,Male,14462.91,Ohio
784,Naomi Wheatland,97 Old Shore Parkway,Female,10387.89,Texas
785,Waldon Shires,42296 Roxbury Point,Male,2279.3,Georgia
786,Greer Jecock,65 Cordelia Center,Female,15038.16,Texas
787,Sal Oxberry,9042 Doe Crossing Circle,Genderqueer,3504.02,District of Columbia
788,Kayley MacKomb,1 Dawn Terrace,Female,10313.8,Colorado
789,Marty Fishburn,9166 Oneill Center,Female,3827.25,Utah
790,Scarface McAusland,21 Toban Avenue,Male,4389.41,Georgia
791,Collen Kingwell,9683 Milwaukee Parkway,Female,5275.67,Texas
792,Sharron Christophers,,Female,8785.67,New York
793,Marge Jakoviljevic,53380 Kinsman Park,Female,3699.43,Ohio
794,Amber Seedhouse,9 Thierer Parkway,Female,8831.65,Texas
795,Kayley Sempill,900 Pond Alley,Female,5564.94,
796,Jamie Caughtry,3 Mockingbird Place,Female,2903.88,Texas
797,Josephina Yeats,74 Sunnyside Alley,Female,3504.9,Nevada
798,Farra Levens,47 Gina Point,Female,2726.93,Georgia
799,Clarinda Nayshe,12 Rowland Street,Female,5798.3,Michigan
800,Charil Janowicz,976 Burning Wood Plaza,Female,4813.83,Pennsylvania
801,Melina Halbeard,320 Waubesa Trail,Female,8969.74,Florida
802,Verene Beccles,8056 Westport Junction,Agender,5202.89,Ohio
803,Amberly Martina,2203 Carey Alley,Bigender,13732.38,
804,Shina Stables,84 Hooker Way,Female,,Kansas
805,Adoree Haggart,8 3rd Crossing,Female,11093.9,Florida
806,Arv Towe,317 Green Center,Male,15298.43,Florida
807,Hermy Godard,74475 Kim Terrace,Male,9061.28,Pennsylvania
808,Millicent Boulter,65926 Summit Pass,Genderqueer,6699.46,Alabama
809,Rorie Kleinmann,5 Fordem Alley,Female,,Wisconsin
810,Goraud Tarquinio,870 Monica Way,Male,14875.28,Arizona
811,Timothee Delgua,646 Huxley Park,Male,1756.57,
812,Jarred Hubner,05079 Melrose Drive,Male,11553.71,Georgia
813,Hobey Cambden,99 Sheridan Way,Male,,Michigan
814,Jacquie Autin,84288 Superior Plaza,Female,10047.38,Texas
815,Lazar Crumpe,414 American Trail,Male,8187.88,Kentucky
816,Chris Dukes,2916 7th Road,Female,11684.96,Indiana
817,Bone Spaldin,63 Northland Point,Male,13371.81,Florida
818,Libbie Elphinston,42 Southridge Lane,Female,6794.33,California
819,Antoine Wolfindale,600 Dorton Trail,Male,1721.53,Kentucky
820,Gail Smardon,8 American Ash Way,Agender,1974.89,Alabama
821,Arny Janacek,95 Corscot Avenue,Male,9696.58,North Carolina
822,Hobey Gaine of England,9 Barby Avenue,Male,3999.75,California
823,Blinni Noriega,2 Fairview Road,Non-binary,4624.6,Massachusetts
824,Errol Lovelace,27 Marquette Plaza,Male,13016.55,Michigan
825,Killian Sellar,064 Anderson Way,Male,7506.02,Georgia
826,Abbe Sheal,1 David Center,Male,9936.03,Maryland
827,Alyda Steinham,34139 Knutson Trail,Female,14430.29,Tennessee
828,Ariel Heyball,4888 Southridge Park,Male,2299.8,North Carolina
829,Jon Firpi,,Male,11092.9,Minnesota
830,Jae Keyse,25 Helena Pass,Male,12903.33,New Mexico
831,Elias Shorthouse,01 Coleman Point,Male,11794.22,California
832,Lamar Fearby,81335 Onsgard Street,Male,7035.4,Texas
833,Elbertine Enocksson,298 American Ash Plaza,Female,11910.4,Utah
834,Cointon Perl,66344 Cambridge Avenue,Male,4989.49,North Carolina
835,Christina Stebbing,69641 Bartelt Avenue,Female,14940.54,Washington
836,Lanae Shreve,79424 6th Trail,Female,14818.67,New York
837,Roxy Skitt,2275 Oak Drive,Female,6688.61,California
838,Carmon Starzaker,99650 Algoma Hill,Genderfluid,,Florida
839,Linda Thorp,8391 Lerdahl Circle,Female,7508.31,Nevada
840,Debbie Whyatt,,Female,,California
841,Chev Blanpein,76332 Farragut Road,Male,13906.48,California
842,Violante Lambe,46 Northland Road,Female,6983.68,New York
843,Lacy Doubleday,472 Summer Ridge Crossing,Female,2441.07,Indiana
844,Melony Trenfield,674 Clyde Gallagher Crossing,Female,7220.89,California
845,Tomlin Roches,226 Annamark Road,Male,12741.68,Ohio
846,Agatha Faivre,4 Comanche Parkway,Female,7040.1,Arizona
847,Oswell Tighe,508 Green Circle,Male,14720.34,Idaho
848,Gasper Kenshole,85078 Westerfield Park,Male,8251.4,Ohio
849,Hersh Bahl,86238 Heffernan Terrace,Male,12360.54,California
850,Leoline Studholme,990 Acker Alley,Non-binary,3152.78,Washington
851,Lenna Jeanin,9727 Manufacturers Point,Female,2873.95,Maryland
852,June Grece,5 Bonner Plaza,Female,11543.79,Nebraska
853,Bertrand Pervoe,95 Graedel Place,Male,4419.13,Oklahoma
854,Rachel Jakubowski,166 Mendota Point,Female,3169.93,Ohio
855,Mikael Godbehere,33094 Kingsford Place,Male,14706.02,Florida
856,Pietro Lukins,2 Hooker Terrace,Male,6684.21,Utah
857,Vincent Albers,69 Twin Pines Road,Male,10679.66,Illinois
858,Prentiss Stiffkins,0 Daystar Hill,Male,4251.51,District of Columbia
859,Dom Plowman,305 Garrison Parkway,Male,14363.35,Pennsylvania
860,Guinevere Angell,9173 Heath Road,Female,12253.81,Virginia
861,Gaston Brum,90 Heffernan Lane,Male,2296.26,Pennsylvania
862,Cissiee Tutt,164 Anderson Junction,Female,14500.64,North Carolina
863,Buffy Lorkings,446 Reindahl Circle,Agender,4880.86,Texas
864,Felice Peppin,76 Forest Dale Lane,Female,10782.83,Ohio
865,Gregorius Shelmerdine,1 Center Alley,Male,3320.25,Pennsylvania
866,Bibbye Jenyns,08805 Oakridge Drive,Female,14379.43,California
867,Sol Page,78 Hanover Avenue,Male,13840.28,Texas
868,Asher Jaqueminet,89964 Corben Park,Male,13072.44,Tennessee
869,Shermie Ledward,3615 Bellgrove Court,Male,12370.37,Colorado
870,Kaitlin Licciardiello,1 Homewood Place,Female,10972.9,Illinois
871,Bari Parkes,53 Fuller Avenue,Female,,Georgia
872,Deeyn Cooke,0 Spaight Center,Female,12869.84,New York
873,Sawyere Inman,7691 Ronald Regan Court,Male,9199.58,Texas
874,Doloritas Gonsalvez,20 Hayes Crossing,Female,10232.45,
875,Agatha Dunning,0 Atwood Terrace,Female,8453.83,California
876,Gerrie Hexum,82470 Hooker Junction,Male,11975.16,Arizona
877,Isabelita Gerner,9464 Dahle Place,Female,11783.48,Iowa
878,Bernhard Goldhill,66382 Bowman Junction,Bigender,3641.35,California
879,Licha O'Leagham,33 Eastlawn Drive,Female,4403.59,Texas
880,Janenna Czadla,98138 Shopko Trail,Female,4583.62,Missouri
881,Sarene Volk,1457 Sauthoff Alley,Female,11698.82,Texas
882,Aurelie Stanner,993 Mayfield Park,Female,11739.02,Minnesota
883,Jobie Yankin,86114 Buell Lane,Female,10890.57,Iowa
884,Seymour Manston,37617 Mayfield Street,Male,5491.87,Texas
885,Kain Dunge,1 Dakota Parkway,Male,8012.51,Texas
886,Eveleen Darleston,9 Scott Center,Female,2189.18,New York
887,Conrado Binstead,682 Thackeray Alley,Male,,Texas
888,Johnathon Tassell,6821 Sunfield Crossing,Male,4715.14,Indiana
889,Filippa Jeffels,4180 Browning Center,Female,14545.54,Georgia
890,Loise Dayton,48 Rieder Plaza,Female,7157.41,California
891,Berni Heathcoat,2 Talisman Crossing,Female,15135.4,Michigan
892,Nicol Whelpton,70542 Coleman Drive,Male,15244.61,Massachusetts
893,Tuesday Guise,32 Lakeland Terrace,Female,5457.49,
894,Shandeigh Shipman,6779 Amoth Court,Female,5566.24,Ohio
895,Ashely Bewley,43883 Vahlen Terrace,Female,13234.55,Ohio
896,Malissa Abate,7 Browning Street,Female,,Louisiana
897,Vidovik Flemmich,71 Jay Terrace,Male,4578.23,California
898,Jasper Osipov,2 Kipling Place,Male,6676.61,Colorado
899,Daniele Lyal,95 Graceland Alley,Female,15233.16,Wisconsin
900,Marysa Staggs,1506 Helena Court,Female,11464.43,Hawaii
901,Francisca Fardy,6077 Cottonwood Point,Female,1730.99,Virginia
902,Wynn Szymonwicz,08 Sage Park,Genderfluid,5543.64,Washington
903,Nessie Jan,92 Straubel Pass,Female,11618.84,District of Columbia
904,Jasun Scholcroft,,Male,9502.75,Illinois
905,Alvie Manning,807 Red Cloud Court,Male,,California
906,Saunders Bassindale,4 Continental Alley,Male,3361.86,California
907,Nikki Pech,7 Spaight Circle,Female,6009.07,Indiana
908,Chick Suermeiers,0926 Toban Place,Polygender,,Texas
909,Ruggiero Durrant,4792 Anzinger Trail,Genderfluid,9791.28,District of Columbia
910,Cristen Stanyard,369 Di Loreto Road,Female,12938.65,Maryland
911,Florella Blackmuir,83359 Delaware Circle,Female,,Florida
912,Kit Lidgett,30 Lien Avenue,Female,9268.97,Pennsylvania
913,Berkie Stiant,4 Brown Park,Male,12398.16,Florida
914,Demetria Suffe,7364 Charing Cross Place,Female,15268.64,Virginia
915,Hyacinthia Riccardelli,293 Main Hill,Female,14262.95,Colorado
916,Bea Pragnall,99862 Forster Parkway,Female,12652.62,Texas
917,Tuckie Charville,262 Schiller Alley,Male,8474.89,West Virginia
918,Luciano Culross,709 Texas Terrace,Male,4765.12,Indiana
919,Eddi Asher,3 Sage Parkway,Female,,Indiana
920,Mahmoud Salomon,96 Crescent Oaks Center,Male,13291.93,
921,Giraud Andrzejowski,56228 Bluestem Pass,Agender,2785.23,New York
922,Becca Zammett,9 Blaine Park,Non-binary,,New Hampshire
923,Remus Joinson,31 Luster Center,Male,4211.77,Indiana
924,Carney Panketh,7 Village Point,Male,7670.13,Nebraska
925,Toinette Champkin,779 Oak Hill,Female,6724.43,California
926,Cinnamon Wordington,281 Karstens Drive,Female,10375.59,California
927,Chad Clausen-Thue,7 Boyd Court,Male,2229.0,California
928,Derby Pender,109 Sutherland Plaza,Male,10122.42,West Virginia
929,Peadar Tomowicz,71 Homewood Street,Male,11269.82,Nevada
930,Ekaterina Burfield,80185 Sunfield Junction,Female,13364.24,Maryland
931,Benji Flight,8776 Farmco Hill,Male,1792.08,Texas
932,Yehudit Chessell,7837 Warrior Circle,Male,12716.78,Maryland
933,Candida Syfax,5363 Dahle Avenue,Bigender,5355.56,Texas
934,Morty Danilyuk,792 Corben Court,Male,7705.57,Texas
935,Nealon Bentke,35 Laurel Street,Male,12805.07,Alabama
936,Cullie Garvin,3 Cherokee Center,Male,10647.96,Florida
937,Elbertine Eyam,18 Sauthoff Point,Female,5748.6,Alabama
938,Duffy Drysdale,22622 Cardinal Drive,Male,13543.41,Alabama
939,Bone Guerri,75 Stephen Circle,Male,11999.35,Pennsylvania
940,Wiley Bamfield,0 Brickson Park Avenue,Bigender,,District of Columbia
941,Cornelle Scoyne,31751 Towne Court,Genderfluid,7597.88,
942,Hy Tallboy,255 Banding Center,Male,12670.7,Oregon
943,Barde Rudderham,55217 Drewry Circle,Male,14533.72,California
944,Kalle Rasmus,41277 Lunder Court,Genderfluid,6283.25,Georgia
945,Adrienne Lemonby,9388 Luster Trail,Female,4890.14,Massachusetts
946,Leola Livesey,510 Caliangt Road,Agender,15209.54,Texas
947,Burton Lum,01147 Shasta Lane,Male,5238.1,District of Columbia
948,Fran Urian,3360 Blackbird Hill,Male,3804.14,Virginia
949,Wallache Wilber,561 Nova Parkway,Male,6124.27,Colorado
950,Filmore Warhurst,16691 Village Green Pass,Male,8175.95,Massachusetts
951,Brandi Goning,5564 Texas Hill,Female,10476.69,California
952,Gay Betke,11149 Ilene Terrace,Female,3094.02,California
953,Hershel Hainning,540 Straubel Road,Male,12785.05,Pennsylvania
954,Saunders Baybutt,6439 Hooker Junction,Male,7773.78,California
955,Bidget Simonetti,60 Bartelt Pass,Female,8198.15,Georgia
956,Scottie McMeyler,99369 Twin Pines Street,Male,14030.23,Colorado
957,Rowan Rany,56768 Luster Lane,Non-binary,4539.71,Florida
958,Elston Benini,0543 Kipling Crossing,Agender,,Alaska
959,Guillermo De Laspee,0 Dawn Alley,Male,8757.73,Indiana
960,Maudie Rushbrook,2700 Michigan Center,Female,14695.91,Michigan
961,Corrie Ianetti,38775 Nevada Alley,Agender,11550.15,District of Columbia
962,Elwira Bratton,7858 Crowley Alley,Female,6678.22,Illinois
963,Free Mc Meekan,499 Talmadge Parkway,Male,10934.87,
964,Madge Caddie,2424 Boyd Hill,Female,6791.66,Oklahoma
965,Nikolas Legge,35463 Dexter Street,Male,13061.45,Washington
966,Dorothy MacBarron,5 Vahlen Point,Female,7417.45,Nebraska
967,Donavon Deniseau,5 Hollow Ridge Plaza,Male,15024.46,Alabama
968,Olimpia Scarborough,20 Orin Court,Female,3084.24,District of Columbia
969,Flemming Pressnell,5810 Graceland Pass,Male,7473.87,
970,Marcelo Rennenbach,48265 Luster Point,Male,12469.75,Georgia
971,Donni Candey,1 Darwin Parkway,Female,14829.39,New York
972,Katti De Metz,81785 Jay Trail,Female,5021.83,Virginia
973,Haslett Upshall,64 Carioca Avenue,Male,11626.15,Wisconsin
974,Muffin Marshland,7730 Northfield Place,Male,15266.34,Pennsylvania
975,Jarib Clorley,072 Crownhardt Trail,Male,13201.93,New York
976,Arlen Capey,271 Dixon Crossing,Male,3825.48,California
977,Marillin Ferrar,87682 Morningstar Trail,Female,9829.06,
978,Chery List,0 Little Fleur Crossing,Genderfluid,13247.96,Nevada
979,Nolly Iveans,654 Bartelt Park,Male,3824.62,
980,Frazer Hornig,355 Shopko Crossing,Male,11793.01,Virginia
981,Xenos Ligoe,,Male,6827.43,Indiana
982,Humbert Skae,5 Dixon Lane,Male,14802.64,Washington
983,Blanca Treby,5824 Declaration Alley,Female,4401.06,Nebraska
984,Waring Dadson,13 Dryden Pass,Male,6723.24,New York
985,Dannie Cail,70 Pepper Wood Parkway,Male,11411.99,Oklahoma
986,Binni Whistlecraft,614 Walton Crossing,Female,3975.24,Georgia
987,Kore Flancinbaum,71366 Heath Point,Female,7226.86,North Carolina
988,Inge Wolffers,9 Nevada Alley,Female,12782.94,Texas
989,Elijah Banthorpe,127 Grover Court,Bigender,4095.23,Delaware
990,Roderich Hartford,17 Ohio Point,Male,11252.02,Illinois
991,Vanya Beathem,084 Upham Alley,Female,14276.56,California
992,Georgeanna Flohard,83 Dwight Hill,Female,11327.83,Florida
993,Bronnie Skitral,2029 1st Court,Male,7023.14,Florida
994,Gwynne Lessmare,2544 Dryden Alley,Female,10723.06,
995,Wells O'Neill,519 Bobwhite Circle,Male,8213.58,Virginia
996,Dorris Mccaull,521 Fisk Park,Female,7356.83,Virginia
997,Federica Reape,98497 Jenna Road,Female,9918.71,
998,Adriana Dade,1093 Moose Terrace,Non-binary,12864.61,Florida
999,Barde Tofful,13997 Florence Way,Male,,Ohio
1000,Clayton Musk,473 Dottie Way,Male,6775.11,Hawaii
