id,nome,salario,email,estado,departamento
1,Adoree Fletcher,99,afletcher0@narod.ru,Illinois,Product Management
2,Mattie Llywarch,90,mllywarch1@statcounter.com,Texas,Business Development
3,Elonore Eckersall,64,eeckersall2@blinklist.com,Illinois,Business Development
4,Robby Kondrachenko,80,rkondrachenko3@guardian.co.uk,Illinois,Product Management
5,Ida Tattam,78,itattam4@odnoklassniki.ru,Wisconsin,Sales
6,Iggie Bottomley,93,ibottomley5@squarespace.com,Oregon,Sales
7,Ursulina Melson,2,umelson6@google.nl,Alaska,Human Resources
8,Westbrook Gathwaite,27,wgathwaite7@slate.com,California,Accounting
9,Gustave Penwarden,90,gpenwarden8@springer.com,West Virginia,Business Development
10,Ferdy Lorentz,66,florentz9@google.co.uk,New York,Engineering
11,Hercule Robatham,24,hrobathama@51.la,Nevada,Training
12,Katti Garmons,79,kgarmonsb@irs.gov,Florida,Engineering
13,Gwenni Ranby,15,granbyc@163.com,Alabama,Product Management
14,Pablo Roach,39,proachd@icq.com,Florida,Marketing
15,Dex Royste,91,droystee@huffingtonpost.com,Arkansas,Marketing
16,Cozmo Aizikovich,57,caizikovichf@hao123.com,Texas,Human Resources
17,Eleonora Deschelle,1,edeschelleg@lulu.com,Virginia,Marketing
18,Archibaldo Santello,60,asantelloh@deviantart.com,Georgia,Services
19,Kacy Marcus,47,kmarcusi@slashdot.org,Louisiana,Support
20,Karlotta Huband,98,khubandj@economist.com,Pennsylvania,Engineering
21,Kari Dulling,47,kdullingk@wsj.com,New York,Human Resources
22,Imogene Daelman,15,idaelmanl@blogger.com,Ohio,Marketing
23,Perle Odeson,41,podesonm@princeton.edu,Texas,Engineering
24,Babbette Yair,61,byairn@issuu.com,California,Services
25,Lyle Linne,1,llinneo@miitbeian.gov.cn,California,Training
26,Carmel Licciardello,80,clicciardellop@fastcompany.com,Louisiana,Research and Development
27,Lenette Wilne,14,lwilneq@upenn.edu,Texas,Engineering
28,Corilla Renols,28,crenolsr@printfriendly.com,West Virginia,Legal
29,Arlie McNeely,33,amcneelys@meetup.com,Georgia,Support
30,Concettina Bellini,55,cbellinit@rambler.ru,Indiana,Business Development
31,Cordelie Eagan,71,ceaganu@mozilla.org,Texas,Marketing
32,Lea Dabbs,43,ldabbsv@domainmarket.com,Virginia,Product Management
33,Cassy Petrishchev,88,cpetrishchevw@dmoz.org,Missouri,Marketing
34,Raoul Lipson,1,rlipsonx@jugem.jp,Texas,Accounting
35,Leanora Wardrope,39,lwardropey@deviantart.com,Nevada,Legal
36,Jayne Hartell,84,jhartellz@berkeley.edu,Texas,Human Resources
37,Reese Reglar,81,rreglar10@slate.com,California,Marketing
38,Blinnie Heijne,53,bheijne11@ted.com,California,Sales
39,Lillis Allix,45,lallix12@ameblo.jp,Maine,Accounting
40,Curt Trouel,35,ctrouel13@buzzfeed.com,Texas,Training
41,Delmore Witcher,76,dwitcher14@marriott.com,North Carolina,Legal
42,Goober Mickan,9,gmickan15@bloomberg.com,Minnesota,Support
43,Rana Paramore,1,rparamore16@g.co,Oregon,Training
44,Grissel Palmar,19,gpalmar17@hostgator.com,Florida,Human Resources
45,Persis Sherrard,19,psherrard18@bizjournals.com,Virginia,Product Management
46,Graig Hazart,13,ghazart19@networksolutions.com,New York,Marketing
47,Kata McAless,36,kmcaless1a@skyrock.com,Idaho,Product Management
48,Gisele Tweedell,35,gtweedell1b@deviantart.com,New Jersey,Research and Development
49,Darline Jopling,66,djopling1c@nih.gov,Indiana,Marketing
50,Con Lathwood,60,clathwood1d@dyndns.org,Ohio,Support
51,Travis Voff,95,tvoff1e@cbslocal.com,Washington,Accounting
52,Bella Geerits,33,bgeerits1f@g.co,California,Support
53,Lillis Frichley,14,lfrichley1g@live.com,Missouri,Training
54,Natale Wildblood,94,nwildblood1h@mail.ru,Oregon,Training
55,Nissy Bramhall,6,nbramhall1i@360.cn,Arizona,Human Resources
56,Pembroke Crosetti,67,pcrosetti1j@ow.ly,Tennessee,Business Development
57,Corrina Albinson,29,calbinson1k@skyrock.com,Texas,Sales
58,Gilburt Hassan,64,ghassan1l@dropbox.com,Massachusetts,Training
59,Aubert Claw,56,aclaw1m@cafepress.com,South Dakota,Legal
60,Alvin Siggin,13,asiggin1n@ustream.tv,Alabama,Human Resources
61,Frasquito Fennick,57,ffennick1o@stanford.edu,New Mexico,Engineering
62,Norton Arnoult,95,narnoult1p@comcast.net,Georgia,Engineering
63,Roby Iiannone,44,riiannone1q@gnu.org,Texas,Research and Development
64,Heinrik Yellowlee,12,hyellowlee1r@addtoany.com,California,Support
65,Ariel Gammett,2,agammett1s@goodreads.com,Georgia,Training
66,Charil Fenby,98,cfenby1t@parallels.com,Florida,Engineering
67,Melisande Duberry,77,mduberry1u@nih.gov,California,Human Resources
68,Opalina Cardiff,11,ocardiff1v@godaddy.com,Virginia,Human Resources
69,Tara Ehrat,57,tehrat1w@phoca.cz,Iowa,Product Management
70,Kevan Cranidge,2,kcranidge1x@hibu.com,Texas,Services
71,Adlai Shrimpling,19,ashrimpling1y@ftc.gov,California,Accounting
72,Dannye Brackenbury,2,dbrackenbury1z@sourceforge.net,Texas,Services
73,Jim Fisby,31,jfisby20@deliciousdays.com,Maryland,Legal
74,Jacklyn Sturt,20,jsturt21@fda.gov,California,Legal
75,Betsey Leddy,35,bleddy22@domainmarket.com,California,Business Development
76,Betta Danks,85,bdanks23@hubpages.com,Arkansas,Engineering
77,Didi Lumbers,71,dlumbers24@java.com,West Virginia,Product Management
78,Minny Diemer,11,mdiemer25@hostgator.com,South Carolina,Marketing
79,Lorene Curtain,75,lcurtain26@bravesites.com,Ohio,Business Development
80,Jean Fernando,99,jfernando27@chron.com,Pennsylvania,Services
81,Lindie Pleace,2,lpleace28@squidoo.com,New Mexico,Human Resources
82,Evanne Moorman,36,emoorman29@redcross.org,California,Training
83,Christy Kummerlowe,52,ckummerlowe2a@360.cn,Wisconsin,Legal
84,Tessi Demkowicz,22,tdemkowicz2b@netvibes.com,New York,Services
85,Britte Lindeboom,37,blindeboom2c@pagesperso-orange.fr,Texas,Sales
86,Jilli Bullivent,87,jbullivent2d@marriott.com,Georgia,Product Management
87,Ellen Merck,97,emerck2e@si.edu,California,Product Management
88,Vina Waith,13,vwaith2f@google.com.hk,Florida,Marketing
89,Clarita Goodenough,43,cgoodenough2g@myspace.com,District of Columbia,Support
90,Agathe Jay,72,ajay2h@sciencedirect.com,New York,Research and Development
91,Seana Dicty,44,sdicty2i@artisteer.com,Texas,Product Management
92,Sydelle Cleland,21,scleland2j@eventbrite.com,Florida,Marketing
93,Sylvester Poulsen,73,spoulsen2k@mit.edu,North Carolina,Marketing
94,Caralie Pulsford,69,cpulsford2l@dyndns.org,Nevada,Training
95,Dela Yitzhakof,40,dyitzhakof2m@tuttocitta.it,Colorado,Support
96,Bell Seville,98,bseville2n@facebook.com,New York,Accounting
97,Salomo Gasken,78,sgasken2o@gov.uk,Indiana,Support
98,Cosme Glastonbury,71,cglastonbury2p@wufoo.com,Michigan,Training
99,Mame Clatworthy,23,mclatworthy2q@vimeo.com,Alabama,Support
100,Babara Wolstenholme,79,bwolstenholme2r@delicious.com,District of Columbia,Product Management
101,Gene Bindin,95,gbindin2s@google.fr,Nebraska,Support
102,Petrina Klimushev,46,pklimushev2t@lycos.com,New York,Research and Development
103,Chan Currier,89,ccurrier2u@zimbio.com,Florida,Accounting
104,Timotheus Barstow,35,tbarstow2v@hatena.ne.jp,South Carolina,Engineering
105,Heywood McOrkil,50,hmcorkil2w@sphinn.com,Ohio,Business Development
106,Abbi Lytton,51,alytton2x@parallels.com,California,Accounting
107,Shaun Proschke,66,sproschke2y@godaddy.com,Oklahoma,Business Development
108,Guy Lutwyche,26,glutwyche2z@artisteer.com,Washington,Sales
109,Lockwood Twede,30,ltwede30@technorati.com,Indiana,Marketing
110,Bernadette Lambdon,97,blambdon31@imageshack.us,Washington,Legal
111,Zane Warbey,95,zwarbey32@bloglovin.com,Texas,Product Management
112,Nara Rutley,6,nrutley33@mail.ru,California,Human Resources
113,Sharla O'Quin,19,soquin34@studiopress.com,Utah,Human Resources
114,Fiona Wasson,83,fwasson35@g.co,Michigan,Training
115,Sylvia Meikle,56,smeikle36@wp.com,Missouri,Training
116,Lanie Pretty,18,lpretty37@abc.net.au,Pennsylvania,Human Resources
117,Rhea Elvey,87,relvey38@hexun.com,Florida,Legal
118,Effie Yakovl,17,eyakovl39@bigcartel.com,Georgia,Sales
119,Kattie Cowton,47,kcowton3a@google.co.uk,Texas,Engineering
120,Barney Gidney,27,bgidney3b@japanpost.jp,Indiana,Legal
121,Libby Townsley,18,ltownsley3c@ameblo.jp,Florida,Product Management
122,Alvin Pepineaux,17,apepineaux3d@zimbio.com,Pennsylvania,Services
123,Jasen Goodoune,34,jgoodoune3e@xing.com,Texas,Services
124,Vale Pegden,24,vpegden3f@wufoo.com,South Dakota,Marketing
125,Bjorn Townson,72,btownson3g@uiuc.edu,Tennessee,Human Resources
126,Winslow Wormleighton,66,wwormleighton3h@addtoany.com,North Carolina,Marketing
127,Sheryl Jendrich,24,sjendrich3i@google.es,Texas,Product Management
128,Addie Raddenbury,19,araddenbury3j@g.co,Minnesota,Human Resources
129,Gradey Nunes Nabarro,22,gnunes3k@techcrunch.com,Louisiana,Services
130,Georgette MacNeely,81,gmacneely3l@sitemeter.com,Texas,Training
131,Odelle Dupoy,89,odupoy3m@miibeian.gov.cn,Ohio,Marketing
132,Cally Flowerden,52,cflowerden3n@state.gov,New York,Research and Development
133,Adele Bedberry,1,abedberry3o@businessinsider.com,Virginia,Product Management
134,Caresse Mineghelli,38,cmineghelli3p@bloglines.com,Connecticut,Legal
135,Alexio Brookwood,97,abrookwood3q@va.gov,Massachusetts,Research and Development
136,Sarene Edwicker,85,sedwicker3r@stanford.edu,South Carolina,Sales
137,Filippo Foxton,11,ffoxton3s@senate.gov,Indiana,Business Development
138,Gabriellia Jepp,40,gjepp3t@nature.com,Ohio,Business Development
139,Morganne Dinsdale,98,mdinsdale3u@ucoz.ru,Texas,Accounting
140,Jorge Tattam,98,jtattam3v@g.co,Florida,Training
141,Gale Deverill,74,gdeverill3w@mlb.com,California,Services
142,Esma Skipping,68,eskipping3x@cdbaby.com,Illinois,Human Resources
143,Gui Testo,96,gtesto3y@feedburner.com,North Carolina,Research and Development
144,Jedd Renton,56,jrenton3z@bbc.co.uk,Texas,Business Development
145,Lanie Golsworthy,53,lgolsworthy40@vistaprint.com,Florida,Support
146,Randee Hackwell,35,rhackwell41@ed.gov,California,Training
147,Evered Raysdale,83,eraysdale42@wufoo.com,Florida,Engineering
148,Brant Welham,73,bwelham43@51.la,Indiana,Support
149,Ana Growden,40,agrowden44@howstuffworks.com,District of Columbia,Business Development
150,Lance Kloss,51,lkloss45@kickstarter.com,Florida,Accounting
151,Cristin Ochiltree,45,cochiltree46@zdnet.com,Michigan,Product Management
152,Erena Detoile,60,edetoile47@illinois.edu,California,Product Management
153,Anselm Morrowe,62,amorrowe48@va.gov,Massachusetts,Human Resources
154,Minni Chaulk,50,mchaulk49@nydailynews.com,Hawaii,Training
155,Merline Bengochea,25,mbengochea4a@epa.gov,Pennsylvania,Marketing
156,Brian Dimic,47,bdimic4b@shutterfly.com,New Jersey,Human Resources
157,Dora Gabb,40,dgabb4c@weibo.com,Hawaii,Engineering
158,Misti Cannavan,71,mcannavan4d@amazon.co.jp,California,Engineering
159,Brook Ilive,14,bilive4e@auda.org.au,Ohio,Accounting
160,Adi Tow,73,atow4f@sphinn.com,New York,Services
161,Currie Stoak,57,cstoak4g@pcworld.com,California,Support
162,Ase Housecroft,5,ahousecroft4h@mit.edu,California,Sales
163,Kaela O'Shiel,93,koshiel4i@mac.com,Arizona,Product Management
164,Mikael Mcsarry,49,mmcsarry4j@list-manage.com,California,Marketing
165,Jamaal Amberger,9,jamberger4k@gravatar.com,Mississippi,Training
166,Jeri Cudmore,89,jcudmore4l@storify.com,Oklahoma,Services
167,Kelcey Philliskirk,69,kphilliskirk4m@nba.com,Texas,Product Management
168,Chad Gimson,74,cgimson4n@plala.or.jp,Louisiana,Product Management
169,Hyatt Ryson,13,hryson4o@samsung.com,California,Business Development
170,Butch Trime,13,btrime4p@sitemeter.com,New York,Services
171,Cullin Camel,48,ccamel4q@51.la,Oklahoma,Business Development
172,Gale Arne,86,garne4r@free.fr,Arkansas,Human Resources
173,Lory Crotty,20,lcrotty4s@free.fr,California,Research and Development
174,Jamesy Rigbye,35,jrigbye4t@shareasale.com,California,Engineering
175,Valentine Gleader,64,vgleader4u@dell.com,North Carolina,Marketing
176,Amos Saurat,76,asaurat4v@oakley.com,Texas,Support
177,Gaelan Stiegars,41,gstiegars4w@epa.gov,Texas,Research and Development
178,Anette Hartin,58,ahartin4x@deviantart.com,Minnesota,Support
179,Haily Eastcott,78,heastcott4y@marriott.com,Pennsylvania,Sales
180,Cacilie Degnen,18,cdegnen4z@ca.gov,California,Engineering
181,Orland Fochs,67,ofochs50@livejournal.com,Pennsylvania,Legal
182,Toni Vellden,50,tvellden51@yandex.ru,Florida,Services
183,Lorilyn Duffrie,28,lduffrie52@mayoclinic.com,Massachusetts,Engineering
184,Zita Baddiley,30,zbaddiley53@springer.com,California,Accounting
185,Erinn Jerdein,31,ejerdein54@columbia.edu,Alabama,Human Resources
186,Piggy Tomala,25,ptomala55@xing.com,Virginia,Engineering
187,Conni Laugharne,88,claugharne56@i2i.jp,Kentucky,Human Resources
188,Ches Missen,25,cmissen57@linkedin.com,Mississippi,Support
189,Lacy Colerick,40,lcolerick58@webeden.co.uk,California,Support
190,Carolee Dubarry,7,cdubarry59@ibm.com,South Carolina,Services
191,Tanney Chazerand,52,tchazerand5a@github.com,North Carolina,Training
192,Alvera Landells,77,alandells5b@jiathis.com,California,Accounting
193,Emilia Korting,14,ekorting5c@uiuc.edu,Ohio,Research and Development
194,Kendall Aindrais,45,kaindrais5d@yale.edu,Florida,Engineering
195,Krissy Arntzen,51,karntzen5e@unc.edu,Alabama,Human Resources
196,Maud Shillum,16,mshillum5f@naver.com,New York,Business Development
197,Wilie Dutnell,69,wdutnell5g@goodreads.com,Alabama,Services
198,Silvana Pancost,88,spancost5h@slate.com,South Carolina,Support
199,Cornelius Kilgallen,53,ckilgallen5i@kickstarter.com,Louisiana,Business Development
200,Cullen Pickaver,56,cpickaver5j@elegantthemes.com,Texas,Product Management
201,Kata Shuter,88,kshuter5k@ucla.edu,Georgia,Business Development
202,Nickie Lamyman,61,nlamyman5l@gmpg.org,Nevada,Engineering
203,Clemente Coatts,8,ccoatts5m@reuters.com,Illinois,Engineering
204,Quent Birdsall,20,qbirdsall5n@parallels.com,Arizona,Marketing
205,Gregorius Lantoph,10,glantoph5o@google.es,Alabama,Support
206,Padgett Harry,73,pharry5p@rakuten.co.jp,Kentucky,Legal
207,Shamus Fairn,4,sfairn5q@nyu.edu,California,Product Management
208,Vergil Archambault,50,varchambault5r@economist.com,Idaho,Product Management
209,Edi Colter,76,ecolter5s@1688.com,Texas,Legal
210,Petra Broadwood,27,pbroadwood5t@mapquest.com,New York,Accounting
211,Constantin Gheeorghie,75,cgheeorghie5u@reverbnation.com,Virginia,Human Resources
212,Ebony Muggleston,84,emuggleston5v@ox.ac.uk,Kentucky,Business Development
213,Keefer Wakenshaw,73,kwakenshaw5w@imgur.com,District of Columbia,Business Development
214,Duane Ragat,40,dragat5x@bizjournals.com,New Mexico,Legal
215,Neale Schnieder,65,nschnieder5y@kickstarter.com,Florida,Services
216,Dionisio Lightowler,33,dlightowler5z@baidu.com,California,Business Development
217,Tod Feaks,69,tfeaks60@pcworld.com,District of Columbia,Engineering
218,Vance Tollemache,47,vtollemache61@arstechnica.com,Louisiana,Engineering
219,Mariejeanne Readhead,3,mreadhead62@geocities.com,Alabama,Training
220,Lombard Francisco,3,lfrancisco63@techcrunch.com,California,Business Development
221,Parker Pollok,98,ppollok64@twitter.com,Kentucky,Research and Development
222,Eleen Laycock,67,elaycock65@google.pl,Massachusetts,Marketing
223,Kare Boydle,61,kboydle66@youku.com,South Carolina,Engineering
224,Lucias Livens,9,llivens67@comcast.net,Florida,Product Management
225,Erik Bolle,72,ebolle68@wix.com,Texas,Business Development
226,Roddy Goudman,48,rgoudman69@twitpic.com,New York,Training
227,Minne Spurling,57,mspurling6a@goo.gl,Kentucky,Legal
228,Truman Rigney,56,trigney6b@t.co,Nevada,Accounting
229,Shelby Batchley,32,sbatchley6c@hao123.com,District of Columbia,Services
230,Rickert Kirkland,56,rkirkland6d@phoca.cz,Florida,Services
231,Ferdinand Bernollet,86,fbernollet6e@taobao.com,Ohio,Accounting
232,Claudetta Tesseyman,20,ctesseyman6f@globo.com,Oklahoma,Research and Development
233,Joell Lehrmann,1,jlehrmann6g@ibm.com,Arizona,Product Management
234,Yetta Statton,65,ystatton6h@nba.com,Minnesota,Sales
235,Jacky Caudwell,12,jcaudwell6i@blogs.com,Minnesota,Support
236,Emelita Elleton,2,eelleton6j@wikia.com,South Carolina,Legal
237,Gusty Beekmann,35,gbeekmann6k@cmu.edu,Georgia,Training
238,Delmar Marven,53,dmarven6l@deviantart.com,Illinois,Business Development
239,Benjamin Bubbings,49,bbubbings6m@nydailynews.com,Alabama,Business Development
240,Costanza Bartram,90,cbartram6n@instagram.com,Texas,Support
241,Patrizius Simmons,29,psimmons6o@buzzfeed.com,Georgia,Research and Development
242,Denice Dietz,51,ddietz6p@unesco.org,New York,Training
243,Sharia Faust,54,sfaust6q@spiegel.de,Minnesota,Support
244,Annice Clapton,71,aclapton6r@nymag.com,New York,Engineering
245,Marcy Deshorts,7,mdeshorts6s@indiegogo.com,New York,Legal
246,Alice Barizeret,68,abarizeret6t@craigslist.org,Kansas,Legal
247,Othello L'Hommeau,32,olhommeau6u@msu.edu,District of Columbia,Support
248,Zeke Piotrkowski,49,zpiotrkowski6v@meetup.com,Nevada,Marketing
249,Farah Archbell,54,farchbell6w@digg.com,Connecticut,Sales
250,Kori Sorby,99,ksorby6x@shutterfly.com,Illinois,Accounting
251,Sim Pretley,81,spretley6y@spiegel.de,Minnesota,Services
252,Isidora Gerrard,65,igerrard6z@umich.edu,Tennessee,Support
253,Koral Noe,10,knoe70@adobe.com,Indiana,Marketing
254,Hogan Swiers,9,hswiers71@sogou.com,Massachusetts,Marketing
255,Allix Everit,36,aeverit72@icq.com,Michigan,Marketing
256,Celene Sheaf,41,csheaf73@constantcontact.com,Missouri,Legal
257,Charlene Addison,34,caddison74@topsy.com,District of Columbia,Research and Development
258,Hank Sommerville,49,hsommerville75@quantcast.com,New York,Engineering
259,Amanda Kuschke,89,akuschke76@cnn.com,Illinois,Human Resources
260,Sigismund Walduck,24,swalduck77@deviantart.com,Michigan,Legal
261,Brier Dunsmuir,25,bdunsmuir78@narod.ru,California,Product Management
262,Cassy McNeigh,44,cmcneigh79@house.gov,Indiana,Accounting
263,Berke Hedman,44,bhedman7a@deviantart.com,Ohio,Legal
264,Pattie Morteo,24,pmorteo7b@cnn.com,Pennsylvania,Marketing
265,Faustine Hun,76,fhun7c@xing.com,Massachusetts,Human Resources
266,Mable Weightman,94,mweightman7d@freewebs.com,Florida,Marketing
267,Gaylene Trowsdale,11,gtrowsdale7e@newsvine.com,Arizona,Product Management
268,Beverlee Lathan,19,blathan7f@youtube.com,South Carolina,Legal
269,Brady Akers,92,bakers7g@mapquest.com,California,Engineering
270,Culver Marking,86,cmarking7h@cafepress.com,Connecticut,Research and Development
271,Selena Merrin,81,smerrin7i@techcrunch.com,New York,Training
272,Elmer Cattermull,58,ecattermull7j@cmu.edu,Texas,Human Resources
273,Giselbert Ladds,13,gladds7k@de.vu,Texas,Engineering
274,Lenette Cescot,40,lcescot7l@last.fm,Virginia,Product Management
275,Adan Stollenberg,75,astollenberg7m@example.com,Texas,Human Resources
276,Verene Jiran,11,vjiran7n@quantcast.com,Illinois,Product Management
277,Amabel Sinfield,46,asinfield7o@vimeo.com,Georgia,Business Development
278,Archibold Gleeton,92,agleeton7p@so-net.ne.jp,Georgia,Accounting
279,Birk Gabe,90,bgabe7q@sun.com,North Carolina,Legal
280,Arlinda Casely,21,acasely7r@pbs.org,California,Sales
281,Cece Gregson,74,cgregson7s@un.org,California,Sales
282,Doe Fanthome,35,dfanthome7t@cbc.ca,North Carolina,Support
283,Meta Matushevitz,71,mmatushevitz7u@elpais.com,North Carolina,Product Management
284,Mikol Apple,40,mapple7v@newyorker.com,Florida,Engineering
285,Hermy Von Salzberg,51,hvon7w@wikipedia.org,New Jersey,Legal
286,Riordan Ketchaside,23,rketchaside7x@paypal.com,Texas,Marketing
287,Johnnie Feldhammer,93,jfeldhammer7y@studiopress.com,Texas,Accounting
288,Thorny Laurie,4,tlaurie7z@mozilla.com,Iowa,Product Management
289,Pavel Matissoff,69,pmatissoff80@studiopress.com,Tennessee,Sales
290,Sela Halvorsen,61,shalvorsen81@accuweather.com,California,Accounting
291,Brigitte Chatto,82,bchatto82@wix.com,Texas,Legal
292,Willabella Limb,88,wlimb83@admin.ch,California,Sales
293,Billi Nassie,21,bnassie84@hubpages.com,Washington,Services
294,Darnall Schultheiss,66,dschultheiss85@dailymail.co.uk,Illinois,Sales
295,Aimil Boulstridge,82,aboulstridge86@sohu.com,Nevada,Marketing
296,Dal Dowyer,43,ddowyer87@blog.com,District of Columbia,Product Management
297,Carolynn McNysche,93,cmcnysche88@zdnet.com,Texas,Marketing
298,Desmond Daughton,20,ddaughton89@fema.gov,New York,Sales
299,Skipp Flux,2,sflux8a@over-blog.com,Florida,Product Management
300,Joelle Dicker,100,jdicker8b@google.co.uk,Florida,Training
301,Sybyl Kale,41,skale8c@skype.com,Texas,Engineering
302,Bruce Vawton,59,bvawton8d@washingtonpost.com,Ohio,Human Resources
303,Barbette Degli Antoni,30,bdegli8e@unicef.org,Kansas,Business Development
304,Rhody Mizzen,78,rmizzen8f@plala.or.jp,Louisiana,Legal
305,Constance Rookes,17,crookes8g@skype.com,Illinois,Accounting
306,Nickey Bohden,46,nbohden8h@g.co,Texas,Legal
307,Lodovico Burne,3,lburne8i@google.pl,Ohio,Human Resources
308,Ethelin Baseke,44,ebaseke8j@creativecommons.org,California,Training
309,Adrien Mathivet,60,amathivet8k@unc.edu,California,Research and Development
310,Rowe Dedon,64,rdedon8l@domainmarket.com,California,Accounting
311,Lexy Hambrook,82,lhambrook8m@delicious.com,California,Product Management
312,Kerrin Brashier,94,kbrashier8n@dell.com,Tennessee,Human Resources
313,Terry McLaughlin,2,tmclaughlin8o@hp.com,Pennsylvania,Support
314,Davon Cullinane,9,dcullinane8p@artisteer.com,District of Columbia,Human Resources
315,Urbanus Bjerkan,88,ubjerkan8q@jiathis.com,Illinois,Sales
316,Sofia Spinelli,64,sspinelli8r@geocities.com,Alabama,Legal
317,Zedekiah Iacabucci,70,ziacabucci8s@smugmug.com,Texas,Training
318,Rachael Halt,51,rhalt8t@1688.com,Florida,Services
319,Barbette Emson,91,bemson8u@craigslist.org,District of Columbia,Business Development
320,Desmond Cottham,57,dcottham8v@spiegel.de,West Virginia,Business Development
321,Loren Cossey,26,lcossey8w@washingtonpost.com,Texas,Product Management
322,Bronny Strangman,77,bstrangman8x@microsoft.com,District of Columbia,Accounting
323,Ty McGeaney,99,tmcgeaney8y@dailymotion.com,Illinois,Product Management
324,Annecorinne Hanshaw,15,ahanshaw8z@loc.gov,Iowa,Engineering
325,Candice Zmitrichenko,54,czmitrichenko90@dedecms.com,Tennessee,Marketing
326,Jessie Bergeau,63,jbergeau91@constantcontact.com,Texas,Business Development
327,Kati Giffaut,91,kgiffaut92@dailymail.co.uk,Wisconsin,Training
328,Renie Winks,56,rwinks93@dion.ne.jp,Utah,Marketing
329,Nester Webermann,71,nwebermann94@unblog.fr,Ohio,Services
330,Deni Misson,32,dmisson95@mozilla.com,Missouri,Human Resources
331,Edi Kornel,99,ekornel96@arstechnica.com,Missouri,Legal
332,Bryna Cestard,10,bcestard97@google.co.jp,Pennsylvania,Business Development
333,Griffy Corragan,78,gcorragan98@cdc.gov,New York,Accounting
334,Eda Simoes,32,esimoes99@jigsy.com,Texas,Marketing
335,Inga Whitter,75,iwhitter9a@cornell.edu,Nevada,Accounting
336,Alica Janicki,27,ajanicki9b@tumblr.com,New York,Business Development
337,Blancha Elijah,77,belijah9c@sciencedirect.com,Minnesota,Sales
338,Heloise Bome,54,hbome9d@oaic.gov.au,Ohio,Sales
339,Christye MacDonnell,85,cmacdonnell9e@naver.com,Colorado,Training
340,Diana Knivett,36,dknivett9f@umn.edu,New York,Product Management
341,Cass Markovich,57,cmarkovich9g@psu.edu,Texas,Engineering
342,Salvatore Choldcroft,87,scholdcroft9h@prlog.org,California,Sales
343,Travis Waldera,3,twaldera9i@opensource.org,Florida,Services
344,Mallissa Tomek,85,mtomek9j@parallels.com,Alabama,Training
345,Cecil Durning,12,cdurning9k@surveymonkey.com,Virginia,Sales
346,Ruprecht Seiffert,13,rseiffert9l@drupal.org,Georgia,Legal
347,Karna Oldroyde,95,koldroyde9m@surveymonkey.com,Georgia,Research and Development
348,Herby Dwane,61,hdwane9n@blogs.com,Missouri,Sales
349,Lacie Wadesworth,50,lwadesworth9o@bbc.co.uk,Pennsylvania,Legal
350,Sophi Haney`,46,shaney9p@yahoo.com,Texas,Legal
351,Debee McHarry,93,dmcharry9q@economist.com,Texas,Research and Development
352,Alano Spavins,14,aspavins9r@devhub.com,West Virginia,Sales
353,Victor Lindop,78,vlindop9s@telegraph.co.uk,Utah,Product Management
354,Althea Cuttell,29,acuttell9t@cmu.edu,Pennsylvania,Legal
355,Angel Phythian,16,aphythian9u@lycos.com,Georgia,Research and Development
356,Egan Bagniuk,58,ebagniuk9v@time.com,Ohio,Engineering
357,Gardner Vicarey,61,gvicarey9w@google.co.uk,Texas,Marketing
358,Jere Whitesel,24,jwhitesel9x@cbslocal.com,Missouri,Accounting
359,Romain Ayshford,21,rayshford9y@amazon.com,Colorado,Services
360,Ruby Duigan,57,rduigan9z@virginia.edu,District of Columbia,Accounting
361,Virginia Drohan,59,vdrohana0@soup.io,Texas,Sales
362,Sibeal Buckett,8,sbucketta1@army.mil,Louisiana,Services
363,Bevan Le Grove,48,blea2@icio.us,Texas,Human Resources
364,Brear Sand,41,bsanda3@imgur.com,California,Legal
365,Ole Stent,59,ostenta4@sina.com.cn,West Virginia,Services
366,Di Redley,38,dredleya5@goo.ne.jp,District of Columbia,Research and Development
367,Emlen McKibbin,91,emckibbina6@un.org,District of Columbia,Business Development
368,Zak Cowherd,69,zcowherda7@prweb.com,District of Columbia,Legal
369,Abel Curry,17,acurrya8@is.gd,Connecticut,Marketing
370,Coretta Richen,10,crichena9@tinyurl.com,Florida,Research and Development
371,Prudy Piddington,32,ppiddingtonaa@goodreads.com,Connecticut,Support
372,Brandy Duckett,66,bduckettab@163.com,Pennsylvania,Sales
373,Carla Crummay,82,ccrummayac@creativecommons.org,Pennsylvania,Product Management
374,Dennison Sparling,95,dsparlingad@cafepress.com,Michigan,Marketing
375,Glen Pragnall,53,gpragnallae@51.la,Illinois,Sales
376,Peirce Ledwith,98,pledwithaf@nymag.com,Oklahoma,Business Development
377,Ransell Pietruschka,21,rpietruschkaag@virginia.edu,District of Columbia,Accounting
378,Halie Webling,22,hweblingah@theglobeandmail.com,Georgia,Accounting
379,Alana Cornhill,45,acornhillai@clickbank.net,Illinois,Sales
380,Shepherd Heindrich,61,sheindrichaj@dagondesign.com,California,Accounting
381,Karlen McDonagh,24,kmcdonaghak@reuters.com,Illinois,Engineering
382,Ambros Aimable,87,aaimableal@photobucket.com,Maryland,Product Management
383,Mellie Gilyott,22,mgilyottam@ask.com,Kentucky,Legal
384,Judi Kelk,12,jkelkan@buzzfeed.com,West Virginia,Legal
385,Halsy Boate,11,hboateao@google.ca,Louisiana,Business Development
386,Karlie McCaghan,89,kmccaghanap@nih.gov,North Carolina,Legal
387,Kit Metterick,10,kmetterickaq@latimes.com,California,Accounting
388,Mack Oxley,82,moxleyar@virginia.edu,New York,Support
389,Anne-marie Rumford,75,arumfordas@hhs.gov,California,Sales
390,Tanitansy Gajownik,71,tgajownikat@hao123.com,South Carolina,Engineering
391,Ellis Arden,75,eardenau@cafepress.com,Florida,Support
392,Samuele Cursey,52,scurseyav@friendfeed.com,California,Marketing
393,Christy Pottinger,20,cpottingeraw@tiny.cc,North Carolina,Product Management
394,Mandie Grason,65,mgrasonax@cloudflare.com,Florida,Human Resources
395,Torry Kolyagin,26,tkolyaginay@mashable.com,Pennsylvania,Marketing
396,Eben Doumic,49,edoumicaz@so-net.ne.jp,Arizona,Research and Development
397,Cassondra Winnard,55,cwinnardb0@pcworld.com,Florida,Research and Development
398,Emili Ewence,65,eewenceb1@nbcnews.com,New York,Support
399,Garnet Arran,100,garranb2@shop-pro.jp,Michigan,Human Resources
400,Emeline Prandoni,76,eprandonib3@dailymotion.com,Oklahoma,Business Development
401,Harriette Flippen,58,hflippenb4@buzzfeed.com,New York,Marketing
402,Felike Busen,5,fbusenb5@cisco.com,Alabama,Marketing
403,Shane Piris,12,spirisb6@mtv.com,South Carolina,Marketing
404,Irma Grunder,68,igrunderb7@mashable.com,North Carolina,Support
405,Northrop Gounard,29,ngounardb8@godaddy.com,Missouri,Legal
406,Ilario Cosgrave,41,icosgraveb9@walmart.com,Nevada,Business Development
407,Carlin Longson,51,clongsonba@vistaprint.com,Texas,Marketing
408,Barby Conradie,31,bconradiebb@yale.edu,Florida,Product Management
409,Marline Jellett,58,mjellettbc@barnesandnoble.com,Texas,Training
410,Matty Cess,69,mcessbd@google.com.au,Delaware,Legal
411,Fairlie Sarjeant,36,fsarjeantbe@printfriendly.com,Texas,Business Development
412,Danica Hanvey,14,dhanveybf@wunderground.com,California,Sales
413,Wrennie Norquoy,16,wnorquoybg@symantec.com,California,Product Management
414,Cristian Coucher,33,ccoucherbh@miibeian.gov.cn,Florida,Research and Development
415,Harry Severs,42,hseversbi@goo.ne.jp,Ohio,Services
416,Morris Gantlett,50,mgantlettbj@instagram.com,New Jersey,Research and Development
417,Kettie O'Cahsedy,80,kocahsedybk@apache.org,District of Columbia,Product Management
418,Coop Leefe,75,cleefebl@google.com.br,District of Columbia,Legal
419,Gusty Branigan,24,gbraniganbm@ucla.edu,Missouri,Product Management
420,Kimberli Sporle,84,ksporlebn@skyrock.com,Florida,Legal
421,Jamil Cawsby,23,jcawsbybo@printfriendly.com,Texas,Research and Development
422,Melina Smallpeace,97,msmallpeacebp@who.int,Tennessee,Services
423,Perry Dilkes,2,pdilkesbq@symantec.com,Colorado,Training
424,Reggis Shulver,78,rshulverbr@angelfire.com,Ohio,Research and Development
425,Chrystal Weeke,78,cweekebs@com.com,Missouri,Business Development
426,Lindsay Grimbaldeston,31,lgrimbaldestonbt@columbia.edu,Alabama,Accounting
427,Sharyl Waterstone,20,swaterstonebu@comcast.net,Colorado,Sales
428,Arnie Squelch,51,asquelchbv@blogs.com,Florida,Support
429,Jere de Marco,14,jdebw@prweb.com,California,Sales
430,Fredi Nutbean,40,fnutbeanbx@uiuc.edu,South Carolina,Services
431,Malia Varley,47,mvarleyby@github.io,North Carolina,Research and Development
432,Garrick De Giovanni,3,gdebz@nationalgeographic.com,Florida,Business Development
433,Alexandre Ivushkin,9,aivushkinc0@technorati.com,Georgia,Sales
434,Carina Pimley,83,cpimleyc1@scribd.com,Texas,Support
435,Adair Jaquet,86,ajaquetc2@bloglovin.com,Indiana,Business Development
436,Anjanette Dumbarton,66,adumbartonc3@slideshare.net,Washington,Services
437,Cathrine Stener,85,cstenerc4@jugem.jp,Florida,Product Management
438,Miltie Bernollet,4,mbernolletc5@fda.gov,Texas,Engineering
439,Artus Merdew,44,amerdewc6@shutterfly.com,Nevada,Marketing
440,Trstram Slevin,61,tslevinc7@typepad.com,Texas,Business Development
441,Melba MacNab,72,mmacnabc8@i2i.jp,California,Support
442,Jimmie Petrus,21,jpetrusc9@shop-pro.jp,Connecticut,Business Development
443,Carie Grisdale,21,cgrisdaleca@bigcartel.com,California,Training
444,Angelika Senyard,56,asenyardcb@time.com,Texas,Legal
445,Marjie Carletto,98,mcarlettocc@java.com,Texas,Engineering
446,Dorree Casino,56,dcasinocd@reference.com,Louisiana,Business Development
447,Batholomew Wykey,30,bwykeyce@google.com.br,Arizona,Services
448,Engracia Mantz,10,emantzcf@photobucket.com,South Dakota,Support
449,Brendan Hindmoor,24,bhindmoorcg@rediff.com,Nebraska,Training
450,Jonathon Plowright,50,jplowrightch@people.com.cn,Colorado,Services
451,Orbadiah Mardoll,98,omardollci@edublogs.org,New York,Services
452,Lindsey Kenshole,4,lkensholecj@thetimes.co.uk,Connecticut,Human Resources
453,Abby Wrigglesworth,9,awrigglesworthck@businessinsider.com,California,Training
454,Blair Pepperrall,54,bpepperrallcl@gmpg.org,Colorado,Research and Development
455,Maris Klehn,74,mklehncm@archive.org,Texas,Support
456,Coriss Filippi,24,cfilippicn@redcross.org,New York,Legal
457,Lorin Beagley,17,lbeagleyco@123-reg.co.uk,Texas,Engineering
458,Aurore Sex,33,asexcp@microsoft.com,West Virginia,Support
459,Merle Riddle,1,mriddlecq@pagesperso-orange.fr,Kansas,Human Resources
460,Matthias Gloyens,7,mgloyenscr@columbia.edu,Florida,Marketing
461,Wallas Fontenot,34,wfontenotcs@dell.com,Texas,Marketing
462,Randie Jouen,10,rjouenct@blinklist.com,Alabama,Research and Development
463,Salli Mountain,50,smountaincu@japanpost.jp,Georgia,Marketing
464,Cecilio Cato,2,ccatocv@ox.ac.uk,Ohio,Human Resources
465,Marion Bazek,87,mbazekcw@jimdo.com,Utah,Marketing
466,Danya Knappe,53,dknappecx@bizjournals.com,California,Business Development
467,Pate Rochford,91,prochfordcy@icio.us,Texas,Accounting
468,Brigida Knolles-Green,95,bknollesgreencz@cnbc.com,Minnesota,Training
469,Catlee Hanselmann,26,chanselmannd0@cmu.edu,South Carolina,Human Resources
470,Erl Gladdis,95,egladdisd1@ovh.net,New York,Legal
471,Bethany Cone,100,bconed2@soundcloud.com,Illinois,Product Management
472,Ellwood Stimpson,9,estimpsond3@adobe.com,Texas,Accounting
473,Carmelle Garric,13,cgarricd4@sohu.com,New York,Legal
474,Denis Messier,19,dmessierd5@altervista.org,Maryland,Business Development
475,Colin Higounet,48,chigounetd6@imgur.com,Louisiana,Business Development
476,Nathalia Prestwich,41,nprestwichd7@fotki.com,Florida,Human Resources
477,Benny Fauning,62,bfauningd8@netscape.com,Florida,Research and Development
478,Theo Damp,48,tdampd9@ucla.edu,Georgia,Human Resources
479,Rochella Croke,90,rcrokeda@comcast.net,California,Human Resources
480,Maud Calfe,62,mcalfedb@ezinearticles.com,Texas,Engineering
481,Hervey Stoute,6,hstoutedc@newsvine.com,Florida,Business Development
482,Deloria Kovelmann,93,dkovelmanndd@t-online.de,Indiana,Human Resources
483,Eimile Belasco,22,ebelascode@omniture.com,Oregon,Accounting
484,Edan Korda,86,ekordadf@kickstarter.com,Texas,Engineering
485,Winne Brearley,21,wbrearleydg@japanpost.jp,Maryland,Accounting
486,Blanca Showte,60,bshowtedh@1688.com,Maryland,Human Resources
487,Raddy Boucher,40,rboucherdi@salon.com,Virginia,Marketing
488,Gino Naile,57,gnailedj@myspace.com,Arizona,Sales
489,Norton Pelzer,55,npelzerdk@amazon.co.uk,Hawaii,Engineering
490,Gerhard Ansett,32,gansettdl@tamu.edu,Florida,Sales
491,Gwennie Forber,32,gforberdm@elegantthemes.com,Florida,Research and Development
492,Koral McFarland,98,kmcfarlanddn@purevolume.com,Michigan,Engineering
493,Karry Foucher,55,kfoucherdo@blogspot.com,Washington,Legal
494,Zaria Munt,50,zmuntdp@msn.com,Connecticut,Business Development
495,Ervin Farnham,30,efarnhamdq@boston.com,California,Marketing
496,Kaitlynn Arnould,58,karnoulddr@storify.com,Texas,Training
497,Yurik Brownsall,75,ybrownsallds@seesaa.net,Oklahoma,Human Resources
498,Dennison Ortell,41,dortelldt@rakuten.co.jp,District of Columbia,Marketing
499,Yettie Swaisland,3,yswaislanddu@hostgator.com,Oregon,Product Management
500,Maribeth Slyford,8,mslyforddv@ameblo.jp,District of Columbia,Business Development
501,Biddy Sheahan,30,bsheahandw@ameblo.jp,Pennsylvania,Legal
502,Kaylyn Nottle,50,knottledx@miibeian.gov.cn,Alabama,Accounting
503,Gard Smitheram,71,gsmitheramdy@reuters.com,Pennsylvania,Business Development
504,Carri Dolphin,28,cdolphindz@etsy.com,Texas,Sales
505,Eileen Jacobsz,40,ejacobsze0@trellian.com,Texas,Business Development
506,Lisabeth Brinsden,11,lbrinsdene1@google.nl,Arkansas,Accounting
507,Rodolph Mushrow,22,rmushrowe2@phoca.cz,Texas,Accounting
508,Lianne Cave,32,lcavee3@issuu.com,California,Product Management
509,Hynda Quartermaine,92,hquartermainee4@apple.com,California,Sales
510,Perle Walkling,86,pwalklinge5@goo.gl,Louisiana,Research and Development
511,Annabal Labba,92,alabbae6@blogspot.com,Alabama,Business Development
512,Lucretia Normabell,81,lnormabelle7@wiley.com,Texas,Accounting
513,Lia Rotlauf,38,lrotlaufe8@4shared.com,Washington,Marketing
514,Edee Gilmour,73,egilmoure9@ameblo.jp,Pennsylvania,Engineering
515,Gabbey Grabeham,61,ggrabehamea@thetimes.co.uk,California,Human Resources
516,Dinnie Nolte,51,dnolteeb@bbb.org,Texas,Training
517,Amanda Arrow,13,aarrowec@ebay.com,Nevada,Support
518,Belvia Ghirardi,77,bghirardied@timesonline.co.uk,Nevada,Research and Development
519,Towny Langdale,69,tlangdaleee@google.com.br,Arizona,Training
520,Annabella Minger,40,amingeref@goo.gl,Alabama,Human Resources
521,Steffi Matthessen,90,smatthesseneg@yale.edu,Kentucky,Marketing
522,Harwilll Wyard,15,hwyardeh@ftc.gov,California,Legal
523,Nonnah Longforth,36,nlongforthei@github.io,Utah,Legal
524,Fabien Kester,23,fkesterej@mediafire.com,California,Legal
525,Giuseppe Kubanek,86,gkubanekek@slate.com,Alabama,Human Resources
526,Caprice Kingsman,72,ckingsmanel@icio.us,Pennsylvania,Business Development
527,Myron Critchlow,80,mcritchlowem@ihg.com,Pennsylvania,Sales
528,Dulsea Teck,35,dtecken@thetimes.co.uk,Texas,Engineering
529,Andrus Daen,6,adaeneo@usatoday.com,New York,Sales
530,Nolie Scally,27,nscallyep@rediff.com,Illinois,Support
531,Sergeant Cullabine,19,scullabineeq@theatlantic.com,Texas,Training
532,Abagael Rowen,96,arowener@webs.com,Texas,Product Management
533,Fredrick Vigne,91,fvignees@topsy.com,Colorado,Human Resources
534,Bel Jossel,31,bjosselet@ycombinator.com,Texas,Sales
535,Rodge Gobolos,36,rgoboloseu@mysql.com,Florida,Training
536,Barr Chalk,58,bchalkev@cnbc.com,Florida,Training
537,Sheila Lory,30,sloryew@seesaa.net,Maryland,Research and Development
538,Emlyn Wysome,19,ewysomeex@feedburner.com,North Carolina,Support
539,Trenton Grundy,68,tgrundyey@homestead.com,New York,Business Development
540,Latrena Di Antonio,4,ldiez@epa.gov,California,Product Management
541,Alister Deporte,56,adeportef0@google.it,Alaska,Marketing
542,Gordan Liston,91,glistonf1@gizmodo.com,Texas,Services
543,Editha Cleever,78,ecleeverf2@icq.com,Texas,Training
544,Kailey Atkirk,75,katkirkf3@wix.com,Utah,Human Resources
545,Lorant Adamini,55,ladaminif4@cdc.gov,Colorado,Marketing
546,Taryn Verdie,75,tverdief5@bloglines.com,District of Columbia,Legal
547,Demott Battye,76,dbattyef6@google.ru,Kansas,Engineering
548,Karoline Maw,23,kmawf7@usnews.com,Nebraska,Accounting
549,Tiena Livett,45,tlivettf8@accuweather.com,Alaska,Engineering
550,Antonetta Greatbanks,9,agreatbanksf9@slideshare.net,Tennessee,Marketing
551,Aaron McPhillimey,37,amcphillimeyfa@businessinsider.com,California,Accounting
552,Jaquenette Gilvary,14,jgilvaryfb@fastcompany.com,California,Business Development
553,Errick Planque,22,eplanquefc@vistaprint.com,New York,Human Resources
554,Dee dee Roback,40,ddeefd@google.ru,California,Research and Development
555,Godfree Bullant,8,gbullantfe@accuweather.com,Alabama,Research and Development
556,Almira Kluge,38,aklugeff@canalblog.com,Texas,Accounting
557,Josepha Duxbarry,33,jduxbarryfg@smh.com.au,Iowa,Research and Development
558,Sutherland Dobsons,8,sdobsonsfh@clickbank.net,Utah,Legal
559,Norene Guyan,40,nguyanfi@sciencedaily.com,Nevada,Support
560,Bobinette Schubert,64,bschubertfj@photobucket.com,North Carolina,Legal
561,Dina Tansley,28,dtansleyfk@nsw.gov.au,Minnesota,Product Management
562,Robinett Brodest,52,rbrodestfl@cisco.com,North Carolina,Business Development
563,Devon MacGillacolm,2,dmacgillacolmfm@prweb.com,Texas,Training
564,Constantia Basili,20,cbasilifn@vinaora.com,Wisconsin,Sales
565,Iggie Garvill,70,igarvillfo@netvibes.com,Michigan,Business Development
566,Wiatt Scottesmoor,60,wscottesmoorfp@cyberchimps.com,New York,Training
567,Pierce Braikenridge,42,pbraikenridgefq@t.co,Arizona,Support
568,Cirilo Gudgen,61,cgudgenfr@businesswire.com,Indiana,Accounting
569,Maximilianus Worrell,27,mworrellfs@state.gov,Colorado,Engineering
570,Garold Lauderdale,38,glauderdaleft@lycos.com,Kentucky,Research and Development
571,Weber MacGauhy,53,wmacgauhyfu@bandcamp.com,California,Marketing
572,Tonia Schimoni,96,tschimonifv@cdbaby.com,New York,Business Development
573,Cobbie Brewster,95,cbrewsterfw@dedecms.com,Arizona,Research and Development
574,Olga Bussey,70,obusseyfx@goo.gl,Alabama,Product Management
575,Alyosha Davidsson,45,adavidssonfy@amazon.co.jp,Texas,Services
576,Vonni Markham,65,vmarkhamfz@wordpress.com,Oklahoma,Marketing
577,Danya Royce,30,droyceg0@themeforest.net,Pennsylvania,Human Resources
578,Nickey Ungerecht,64,nungerechtg1@nhs.uk,New York,Product Management
579,Gianna Burgwin,51,gburgwing2@discuz.net,Texas,Product Management
580,Marisa Astill,66,mastillg3@t.co,Georgia,Engineering
581,Jaclyn Elphey,95,jelpheyg4@eepurl.com,Washington,Marketing
582,Nonie Skade,4,nskadeg5@cnn.com,New York,Research and Development
583,Nahum Bulled,62,nbulledg6@msu.edu,Mississippi,Accounting
584,Rosmunda Gaitskell,54,rgaitskellg7@hc360.com,Colorado,Support
585,Seumas Askell,87,saskellg8@rediff.com,New York,Product Management
586,Blanca Dalwood,4,bdalwoodg9@eepurl.com,Texas,Accounting
587,Abbey Readman,10,areadmanga@1688.com,Florida,Research and Development
588,Mala Sloy,63,msloygb@nhs.uk,Missouri,Accounting
589,Bendix Drewitt,12,bdrewittgc@eepurl.com,Illinois,Sales
590,Kristen Puig,48,kpuiggd@tiny.cc,New York,Sales
591,Minni Cantrill,9,mcantrillge@altervista.org,Illinois,Business Development
592,Philomena Tenbrug,51,ptenbruggf@flavors.me,Florida,Product Management
593,Philbert D'eath,23,pdeathgg@hubpages.com,Arizona,Support
594,Drugi Streight,24,dstreightgh@bloomberg.com,Florida,Support
595,Chandal Kalderon,58,ckalderongi@sun.com,District of Columbia,Product Management
596,Eimile Scruby,32,escrubygj@google.nl,New York,Sales
597,Maegan Snedden,67,msneddengk@pbs.org,Georgia,Services
598,Saba Kohnemann,28,skohnemanngl@blinklist.com,Iowa,Legal
599,Shannan Spatig,51,sspatiggm@indiatimes.com,Arkansas,Engineering
600,Alisa O'Dogherty,44,aodoghertygn@kickstarter.com,Washington,Product Management
601,Ali Segebrecht,33,asegebrechtgo@google.es,Washington,Legal
602,Fredrika Lidden,39,fliddengp@tripadvisor.com,Michigan,Training
603,Jeffy Francescoccio,19,jfrancescocciogq@usda.gov,Oklahoma,Engineering
604,Ilysa De la Yglesia,88,idegr@privacy.gov.au,New York,Legal
605,Chere Carrodus,18,ccarrodusgs@barnesandnoble.com,California,Legal
606,Clementine Drawmer,29,cdrawmergt@alibaba.com,Oklahoma,Services
607,Paco Chard,13,pchardgu@independent.co.uk,Nebraska,Accounting
608,Cletis Watman,54,cwatmangv@bloglovin.com,Illinois,Training
609,Chiquita Poveleye,94,cpoveleyegw@wikia.com,Kansas,Training
610,Early Brockherst,3,ebrockherstgx@meetup.com,New Jersey,Marketing
611,Cleopatra Harrington,74,charringtongy@w3.org,Texas,Marketing
612,Mackenzie Callan,17,mcallangz@usatoday.com,District of Columbia,Training
613,Sara Dandison,76,sdandisonh0@sfgate.com,Arkansas,Support
614,Blaine Kinavan,77,bkinavanh1@constantcontact.com,Utah,Support
615,Cheri Jakaway,21,cjakawayh2@baidu.com,Texas,Research and Development
616,Dixie Mundford,92,dmundfordh3@paypal.com,New York,Sales
617,Borden Jerrard,48,bjerrardh4@indiegogo.com,New York,Marketing
618,Electra Axelbey,28,eaxelbeyh5@ed.gov,Texas,Research and Development
619,Christopher Tanzer,32,ctanzerh6@tumblr.com,Connecticut,Accounting
620,Jillene Myrkus,23,jmyrkush7@spiegel.de,Colorado,Accounting
621,Dew Critcher,8,dcritcherh8@nytimes.com,Washington,Engineering
622,Benedikta Atyeo,54,batyeoh9@sogou.com,Illinois,Accounting
623,Nerissa Garz,89,ngarzha@etsy.com,Colorado,Sales
624,Gerrard Hadaway,37,ghadawayhb@toplist.cz,Ohio,Support
625,Fidole Voden,49,fvodenhc@house.gov,New York,Marketing
626,Stefania Stallen,81,sstallenhd@illinois.edu,Texas,Business Development
627,Meryl Hryskiewicz,48,mhryskiewiczhe@barnesandnoble.com,New York,Marketing
628,Nigel Mc Kellen,19,nmchf@chronoengine.com,New York,Product Management
629,Rasla Denisyuk,65,rdenisyukhg@yolasite.com,New York,Training
630,Tandie Leffek,96,tleffekhh@parallels.com,Texas,Sales
631,Ulysses Featherby,43,ufeatherbyhi@spiegel.de,Florida,Accounting
632,Cele Kitchingman,27,ckitchingmanhj@so-net.ne.jp,Florida,Legal
633,Em O'Shiel,4,eoshielhk@example.com,Connecticut,Support
634,Farrah Conachie,40,fconachiehl@blog.com,Pennsylvania,Sales
635,Lorraine Cockarill,33,lcockarillhm@netlog.com,Missouri,Services
636,Scotti Bamell,51,sbamellhn@google.com.au,California,Engineering
637,Josie Gockeler,19,jgockelerho@slashdot.org,Georgia,Support
638,Madlin Andretti,60,mandrettihp@sohu.com,Washington,Legal
639,Brod Piel,72,bpielhq@amazon.com,Colorado,Training
640,Sampson Dilston,87,sdilstonhr@hugedomains.com,Massachusetts,Sales
641,Cindi Ever,96,ceverhs@rediff.com,Idaho,Support
642,Jolene Verrechia,61,jverrechiaht@cpanel.net,California,Research and Development
643,Valentin Kock,41,vkockhu@eepurl.com,Louisiana,Human Resources
644,Franky Eaddy,50,feaddyhv@google.it,Florida,Training
645,Tiffani Dimitresco,52,tdimitrescohw@amazon.co.jp,Ohio,Sales
646,Cecil Byre,91,cbyrehx@flavors.me,California,Sales
647,Merell Henstone,18,mhenstonehy@paginegialle.it,California,Engineering
648,Valry Fifoot,94,vfifoothz@dropbox.com,Florida,Business Development
649,Babette Silman,29,bsilmani0@amazon.co.jp,Texas,Services
650,Delainey Gasperi,95,dgasperii1@amazon.com,Pennsylvania,Marketing
651,Valentina Fritschmann,4,vfritschmanni2@cbslocal.com,Illinois,Marketing
652,Eilis Ambrosch,100,eambroschi3@ox.ac.uk,New Mexico,Product Management
653,Olav Perone,91,operonei4@hatena.ne.jp,New York,Human Resources
654,Ruthy Frisdick,18,rfrisdicki5@yahoo.co.jp,Florida,Research and Development
655,Leon Hatherley,67,lhatherleyi6@thetimes.co.uk,Minnesota,Accounting
656,Ambrosius Hirthe,8,ahirthei7@about.com,Virginia,Product Management
657,Conni Gallichan,34,cgallichani8@bizjournals.com,Texas,Services
658,Hodge Goodfellow,18,hgoodfellowi9@clickbank.net,Colorado,Research and Development
659,Terrel Prosh,1,tproshia@buzzfeed.com,Texas,Engineering
660,Guendolen Sayes,2,gsayesib@chronoengine.com,Texas,Sales
661,Shara Shankster,45,sshanksteric@ftc.gov,Florida,Services
662,Desiri Byles,79,dbylesid@gnu.org,District of Columbia,Services
663,Glynn Vallintine,75,gvallintineie@vistaprint.com,California,Training
664,Padriac Moody,3,pmoodyif@123-reg.co.uk,North Carolina,Sales
665,Brianne Fateley,80,bfateleyig@google.fr,Ohio,Product Management
666,Perkin Lente,88,plenteih@quantcast.com,Virginia,Support
667,Dorothy Cleaver,30,dcleaverii@cocolog-nifty.com,North Carolina,Business Development
668,Verna Coard,84,vcoardij@cdc.gov,California,Product Management
669,Guy Jerson,36,gjersonik@1688.com,New Hampshire,Accounting
670,Adolphe Joslyn,37,ajoslynil@typepad.com,Massachusetts,Training
671,Marna Rentcome,2,mrentcomeim@behance.net,Florida,Training
672,Boonie Etteridge,74,betteridgein@msu.edu,Ohio,Support
673,Ida Gallatly,16,igallatlyio@ed.gov,Washington,Support
674,Amby Farans,85,afaransip@wp.com,California,Product Management
675,Stan Plant,5,splantiq@blogs.com,Indiana,Marketing
676,Sigrid Whaley,42,swhaleyir@oaic.gov.au,Connecticut,Support
677,Cozmo MacRinn,42,cmacrinnis@census.gov,Minnesota,Services
678,Shoshanna Clery,51,scleryit@unicef.org,Arizona,Human Resources
679,Jay Sadat,12,jsadatiu@google.es,Illinois,Marketing
680,Tybalt Wyeld,13,twyeldiv@sogou.com,Wisconsin,Engineering
681,Raddie Chasmor,81,rchasmoriw@scientificamerican.com,Pennsylvania,Business Development
682,Mara Yakubov,22,myakubovix@japanpost.jp,Texas,Product Management
683,Lyle Bayley,73,lbayleyiy@yale.edu,West Virginia,Support
684,Peyton Liddel,100,pliddeliz@sciencedaily.com,California,Sales
685,Dayna Chaters,24,dchatersj0@people.com.cn,Illinois,Support
686,Eberto Postle,54,epostlej1@amazon.com,Alaska,Accounting
687,Germaine Antonietti,11,gantoniettij2@cocolog-nifty.com,Tennessee,Services
688,Shermy Bernardot,7,sbernardotj3@sina.com.cn,Florida,Services
689,Barbette Udy,36,budyj4@gizmodo.com,Indiana,Legal
690,Lynnell Fish,66,lfishj5@cpanel.net,Washington,Marketing
691,Frederigo MacPake,6,fmacpakej6@ucoz.com,Minnesota,Accounting
692,Cameron Van Niekerk,100,cvanj7@youku.com,North Carolina,Support
693,Arther MacGorrie,87,amacgorriej8@hud.gov,Virginia,Legal
694,Brianne Heningham,34,bheninghamj9@accuweather.com,North Carolina,Services
695,Clement Gallahar,15,cgallaharja@shutterfly.com,Nebraska,Marketing
696,Rakel Warbrick,51,rwarbrickjb@aol.com,Massachusetts,Sales
697,Sigismond Gorthy,28,sgorthyjc@miitbeian.gov.cn,Florida,Product Management
698,Joyan Egdale,90,jegdalejd@ustream.tv,California,Support
699,Kayne Benedito,3,kbeneditoje@themeforest.net,Indiana,Business Development
700,Marianna Counsell,46,mcounselljf@nature.com,California,Product Management
701,Felice Windross,9,fwindrossjg@fc2.com,Texas,Human Resources
702,Adena Fairley,90,afairleyjh@plala.or.jp,Texas,Support
703,Zarla Govett,18,zgovettji@bbc.co.uk,Georgia,Accounting
704,Bourke Mc Caughan,69,bmcjj@soup.io,Virginia,Business Development
705,Svend Drayton,23,sdraytonjk@who.int,Hawaii,Support
706,Parrnell Dolligon,31,pdolligonjl@is.gd,District of Columbia,Product Management
707,Oliy Pilbury,2,opilburyjm@usa.gov,South Carolina,Sales
708,Ophelia Lichtfoth,78,olichtfothjn@imdb.com,Virginia,Legal
709,Sibeal Hurler,17,shurlerjo@bloglovin.com,Idaho,Training
710,Rogerio Deeble,71,rdeeblejp@hubpages.com,South Carolina,Support
711,Linzy Crolly,15,lcrollyjq@pcworld.com,Michigan,Sales
712,Denver Jarry,95,djarryjr@baidu.com,Ohio,Training
713,Joyous Trazzi,100,jtrazzijs@wikimedia.org,Minnesota,Research and Development
714,Vivi Gowdridge,91,vgowdridgejt@bluehost.com,Arizona,Human Resources
715,Toiboid Stoite,11,tstoiteju@google.ru,Delaware,Human Resources
716,Tomasina Montez,84,tmontezjv@hostgator.com,Illinois,Support
717,Bentley Inde,43,bindejw@lulu.com,Virginia,Sales
718,Emlen Brunstan,74,ebrunstanjx@wired.com,California,Training
719,Jerrie Pleasaunce,17,jpleasauncejy@ucoz.ru,Florida,Marketing
720,Adella Nabbs,37,anabbsjz@dion.ne.jp,Florida,Services
721,Cyrille Troup,54,ctroupk0@twitter.com,Illinois,Accounting
722,Rina Artus,47,rartusk1@t.co,Texas,Product Management
723,Noelyn Surgood,40,nsurgoodk2@4shared.com,Michigan,Accounting
724,Ree Mattei,39,rmatteik3@over-blog.com,California,Support
725,Nico Wilby,91,nwilbyk4@zimbio.com,Texas,Legal
726,Willard Marriage,25,wmarriagek5@purevolume.com,Indiana,Marketing
727,Mathilde Allicock,74,mallicockk6@mit.edu,Tennessee,Research and Development
728,Inglis MacGaughy,86,imacgaughyk7@forbes.com,Alaska,Product Management
729,Lincoln Crisall,39,lcrisallk8@symantec.com,Arizona,Legal
730,Rees Edmenson,20,redmensonk9@youku.com,District of Columbia,Product Management
731,Matt Bilovsky,80,mbilovskyka@seattletimes.com,District of Columbia,Services
732,Oby Jolin,50,ojolinkb@t-online.de,California,Training
733,Ninette Chancelier,7,nchancelierkc@skyrock.com,Texas,Human Resources
734,Hilly Danielkiewicz,31,hdanielkiewiczkd@ucsd.edu,New York,Marketing
735,Nikki Gagan,75,ngaganke@apache.org,New York,Accounting
736,Priscilla Tattersfield,17,ptattersfieldkf@virginia.edu,California,Training
737,Tabitha Cheasman,98,tcheasmankg@tuttocitta.it,Mississippi,Legal
738,Hildegarde Castri,8,hcastrikh@trellian.com,New York,Engineering
739,Dougy Reasun,64,dreasunki@elegantthemes.com,Texas,Engineering
740,Seumas South,83,ssouthkj@netscape.com,Florida,Training
741,Elroy Dowling,75,edowlingkk@cdc.gov,California,Services
742,Cletis Carratt,28,ccarrattkl@yandex.ru,Kentucky,Human Resources
743,Eve Korbmaker,91,ekorbmakerkm@issuu.com,District of Columbia,Sales
744,Idalia Readwin,73,ireadwinkn@skype.com,Indiana,Marketing
745,Joelle Raisher,59,jraisherko@printfriendly.com,Colorado,Services
746,Rois Carley,95,rcarleykp@posterous.com,Colorado,Human Resources
747,Tessi Bushen,49,tbushenkq@reverbnation.com,Virginia,Services
748,Danit Camilleri,33,dcamillerikr@hugedomains.com,Virginia,Sales
749,Yvonne Johanning,46,yjohanningks@illinois.edu,Colorado,Legal
750,Heywood Selvester,46,hselvesterkt@blogspot.com,Pennsylvania,Accounting
751,Cliff Sibbering,90,csibberingku@virginia.edu,Michigan,Services
752,Rudiger Ledgley,89,rledgleykv@jigsy.com,New York,Research and Development
753,Ethelred Worsnop,21,eworsnopkw@vk.com,New York,Engineering
754,Bernie Yates,22,byateskx@artisteer.com,Michigan,Support
755,Carlynne Vanyarkin,58,cvanyarkinky@washingtonpost.com,Indiana,Business Development
756,Nathanil Heinsius,9,nheinsiuskz@samsung.com,North Carolina,Sales
757,Victor O'Rowane,15,vorowanel0@alexa.com,Pennsylvania,Legal
758,Tresa Pelzer,87,tpelzerl1@dmoz.org,Florida,Marketing
759,Issie Trenear,87,itrenearl2@is.gd,Georgia,Training
760,Pietrek Haruard,93,pharuardl3@newsvine.com,Florida,Support
761,Robbert Benneyworth,82,rbenneyworthl4@google.com,California,Sales
762,Con Janusz,9,cjanuszl5@addtoany.com,Missouri,Research and Development
763,Kenna Brinklow,71,kbrinklowl6@senate.gov,New York,Training
764,Henrie Farrin,81,hfarrinl7@narod.ru,California,Marketing
765,Virginia Burgin,63,vburginl8@netscape.com,California,Legal
766,Milty Stubley,87,mstubleyl9@elpais.com,Illinois,Accounting
767,Clark Menat,86,cmenatla@springer.com,New York,Services
768,Emmey Volker,45,evolkerlb@issuu.com,New York,Product Management
769,Dorey Ashbey,97,dashbeylc@de.vu,Arizona,Services
770,Roderic Moralas,56,rmoralasld@godaddy.com,Minnesota,Engineering
771,Ciel Burkin,68,cburkinle@eepurl.com,Pennsylvania,Business Development
772,Tammie Maynard,47,tmaynardlf@java.com,Minnesota,Business Development
773,Kane Pedrollo,40,kpedrollolg@prlog.org,Texas,Legal
774,Marja Assiter,74,massiterlh@shinystat.com,California,Services
775,Cameron Le Grys,54,cleli@reuters.com,Texas,Services
776,Charyl Poundsford,84,cpoundsfordlj@altervista.org,Florida,Human Resources
777,Anselm Seller,54,asellerlk@networksolutions.com,Massachusetts,Accounting
778,Hakim Ramble,80,hramblell@51.la,Alabama,Training
779,Tristam Paybody,27,tpaybodylm@myspace.com,District of Columbia,Legal
780,Monroe Jansik,26,mjansikln@slashdot.org,New York,Legal
781,Marnia Dumpleton,95,mdumpletonlo@constantcontact.com,Michigan,Sales
782,Loise Everly,65,leverlylp@guardian.co.uk,Missouri,Services
783,Anjanette Tregale,44,atregalelq@unblog.fr,Massachusetts,Training
784,Micki Kristiansen,89,mkristiansenlr@oracle.com,Iowa,Business Development
785,Tonia Soppitt,28,tsoppittls@networksolutions.com,Florida,Marketing
786,Hughie Kellet,26,hkelletlt@trellian.com,Texas,Support
787,Ignace Taylerson,62,itaylersonlu@newyorker.com,North Dakota,Accounting
788,Luce Perryn,95,lperrynlv@dell.com,Ohio,Product Management
789,Buddy Pietruszewicz,56,bpietruszewiczlw@cafepress.com,North Carolina,Marketing
790,Joaquin Rumble,59,jrumblelx@xrea.com,California,Product Management
791,Bevin Tomasi,56,btomasily@noaa.gov,Tennessee,Product Management
792,Kristina Meharg,81,kmeharglz@pinterest.com,District of Columbia,Sales
793,Ethelyn Chmiel,57,echmielm0@unesco.org,Wisconsin,Training
794,Lissy Cullinane,36,lcullinanem1@loc.gov,Florida,Support
795,Raddie McGinnis,47,rmcginnism2@networkadvertising.org,North Carolina,Services
796,Alistair Radden,63,araddenm3@census.gov,Texas,Product Management
797,Lenna Pollastrone,98,lpollastronem4@ed.gov,California,Product Management
798,Ulrike Scough,55,uscoughm5@github.io,Virginia,Product Management
799,Tasia Pillinger,96,tpillingerm6@nifty.com,Georgia,Training
800,Larissa McVitty,94,lmcvittym7@shop-pro.jp,Massachusetts,Human Resources
801,Erna Kuhne,24,ekuhnem8@imageshack.us,Texas,Engineering
802,Randa Andreacci,32,randreaccim9@issuu.com,California,Research and Development
803,Tabby Gerrill,32,tgerrillma@zdnet.com,Missouri,Services
804,Iona Bartlomiejczyk,52,ibartlomiejczykmb@eventbrite.com,Nebraska,Sales
805,Bernadine Adamec,78,badamecmc@icq.com,Texas,Training
806,Camile Bosenworth,47,cbosenworthmd@creativecommons.org,Texas,Legal
807,Megen Stribbling,71,mstribblingme@wikipedia.org,Alabama,Human Resources
808,Isabelle Carbery,80,icarberymf@shutterfly.com,New Jersey,Business Development
809,Marilin Kemwall,20,mkemwallmg@economist.com,Georgia,Human Resources
810,Valery Doerren,47,vdoerrenmh@baidu.com,Ohio,Engineering
811,Barry Baudone,9,bbaudonemi@comcast.net,California,Accounting
812,Bobby Dallon,36,bdallonmj@epa.gov,New Mexico,Product Management
813,Valenka Letford,74,vletfordmk@spiegel.de,District of Columbia,Engineering
814,Jennifer Swinglehurst,15,jswinglehurstml@foxnews.com,Pennsylvania,Sales
815,Salvidor Van den Velde,59,svanmm@mashable.com,Hawaii,Research and Development
816,Trey McKiddin,49,tmckiddinmn@slideshare.net,Virginia,Sales
817,Janek Bickley,14,jbickleymo@google.com,New Jersey,Research and Development
818,Townsend Meeks,80,tmeeksmp@soundcloud.com,Florida,Engineering
819,Lilia Thon,30,lthonmq@oakley.com,District of Columbia,Legal
820,Decca Cuttin,23,dcuttinmr@issuu.com,Georgia,Engineering
821,Cary Scanterbury,19,cscanterburyms@merriam-webster.com,Ohio,Product Management
822,Melisande Ohrtmann,78,mohrtmannmt@shareasale.com,Arkansas,Training
823,Urson Springthorp,89,uspringthorpmu@time.com,Florida,Human Resources
824,Jamie Coie,41,jcoiemv@jalbum.net,Missouri,Legal
825,Waverley Beldum,1,wbeldummw@house.gov,North Carolina,Accounting
826,Meta Morfett,51,mmorfettmx@tmall.com,Florida,Training
827,Larissa Crossley,74,lcrossleymy@huffingtonpost.com,West Virginia,Engineering
828,Mareah Yellowlea,27,myellowleamz@github.io,Wisconsin,Sales
829,Antoine Cantillon,80,acantillonn0@guardian.co.uk,Georgia,Engineering
830,Cammy Jefford,74,cjeffordn1@google.co.jp,Ohio,Support
831,Leonidas Hatje,4,lhatjen2@va.gov,Michigan,Services
832,Gilburt Heaviside,72,gheavisiden3@wikia.com,Texas,Engineering
833,Marji Dobrovolny,79,mdobrovolnyn4@fotki.com,Texas,Marketing
834,Gray Epp,70,geppn5@vk.com,District of Columbia,Research and Development
835,Davy Tubble,91,dtubblen6@businessinsider.com,Georgia,Business Development
836,Clari Morrott,70,cmorrottn7@examiner.com,New Mexico,Business Development
837,Renault Vampouille,59,rvampouillen8@netscape.com,Texas,Sales
838,Berty Norwich,64,bnorwichn9@arizona.edu,Pennsylvania,Human Resources
839,Cosette Oughton,37,coughtonna@berkeley.edu,Ohio,Legal
840,Harmon Caruth,93,hcaruthnb@eventbrite.com,District of Columbia,Product Management
841,Marven De Carolis,10,mdenc@xrea.com,California,Human Resources
842,Mike Durek,34,mdureknd@studiopress.com,California,Human Resources
843,Tanner MacGaughey,99,tmacgaugheyne@ovh.net,Wyoming,Human Resources
844,Gregorio Frensche,5,gfrenschenf@bluehost.com,Missouri,Support
845,Rasla Renals,33,rrenalsng@weibo.com,Missouri,Product Management
846,Salli Dartan,93,sdartannh@jimdo.com,California,Marketing
847,Aili Wrightson,63,awrightsonni@sbwire.com,Oklahoma,Human Resources
848,Isidore Marsh,39,imarshnj@bloomberg.com,Florida,Services
849,Danna Caser,77,dcasernk@ameblo.jp,Texas,Support
850,Camey Whitnall,89,cwhitnallnl@tmall.com,Washington,Training
851,Julieta Targett,97,jtargettnm@shareasale.com,Louisiana,Legal
852,Loren McCaughan,43,lmccaughannn@hhs.gov,Oregon,Business Development
853,Nathaniel McKeady,6,nmckeadyno@imdb.com,Indiana,Legal
854,Hammad Stille,94,hstillenp@bandcamp.com,Texas,Sales
855,Nomi Roelofs,86,nroelofsnq@hugedomains.com,Michigan,Sales
856,Sheridan Caps,57,scapsnr@berkeley.edu,New York,Services
857,Reuben Mattisssen,2,rmattisssenns@senate.gov,California,Research and Development
858,Peder Tebbs,100,ptebbsnt@time.com,District of Columbia,Support
859,Forrest Gibling,95,fgiblingnu@cdc.gov,Florida,Research and Development
860,Tonnie Rupke,55,trupkenv@chicagotribune.com,Florida,Training
861,Jarrid Fuentez,34,jfuenteznw@home.pl,Pennsylvania,Accounting
862,Elora Spendley,47,espendleynx@berkeley.edu,Missouri,Accounting
863,Mordecai McKyrrelly,53,mmckyrrellyny@sohu.com,Missouri,Accounting
864,Nevil Bees,99,nbeesnz@cnbc.com,California,Legal
865,Millisent Zarb,81,mzarbo0@vinaora.com,Nebraska,Product Management
866,Dru Woffenden,74,dwoffendeno1@columbia.edu,California,Support
867,Neilla Luigi,64,nluigio2@indiegogo.com,Texas,Sales
868,Mattias Rockall,18,mrockallo3@ebay.com,Florida,Business Development
869,Bernadine Milkeham,15,bmilkehamo4@nhs.uk,Mississippi,Services
870,Cristian Coffee,16,ccoffeeo5@webmd.com,California,Support
871,Tiffany Hake,8,thakeo6@about.me,Florida,Training
872,Granthem Lamar,43,glamaro7@surveymonkey.com,District of Columbia,Human Resources
873,Brigg Nel,19,bnelo8@google.ru,Tennessee,Support
874,Mufinella Page,62,mpageo9@xrea.com,New York,Services
875,Elsinore Thomann,89,ethomannoa@ca.gov,Michigan,Marketing
876,Francois Dahill,72,fdahillob@vinaora.com,Florida,Sales
877,Andrea Ferrari,87,aferrarioc@vimeo.com,Oregon,Human Resources
878,Cindie Saur,13,csaurod@amazon.co.jp,Idaho,Support
879,Ripley Kehoe,77,rkehoeoe@webs.com,Pennsylvania,Business Development
880,Claudio Titford,57,ctitfordof@newyorker.com,Minnesota,Support
881,Heinrik Webberley,93,hwebberleyog@amazon.com,Connecticut,Services
882,Fulton Nitto,27,fnittooh@i2i.jp,Illinois,Accounting
883,Neilla Camell,52,ncamelloi@harvard.edu,Florida,Sales
884,Penny Ashwin,45,pashwinoj@ebay.co.uk,Pennsylvania,Services
885,Shannah Middleditch,7,smiddleditchok@nasa.gov,New York,Product Management
886,Raul Lawlee,53,rlawleeol@arstechnica.com,Washington,Sales
887,Karlotte Taffurelli,21,ktaffurelliom@instagram.com,Louisiana,Accounting
888,Robinson Tellenbach,29,rtellenbachon@pinterest.com,Nevada,Legal
889,Ewen Wadie,27,ewadieoo@csmonitor.com,Kentucky,Legal
890,Luciana Scade,9,lscadeop@google.com.hk,South Carolina,Support
891,Ariadne Henrych,82,ahenrychoq@reuters.com,Washington,Human Resources
892,Jethro Danilchev,36,jdanilchevor@howstuffworks.com,Alabama,Business Development
893,Jerrine Laverack,57,jlaverackos@vistaprint.com,Virginia,Business Development
894,Timmie Ohm,19,tohmot@geocities.jp,Illinois,Business Development
895,Shelton Spoors,35,sspoorsou@github.com,Wisconsin,Services
896,Tabor GiacobbiniJacob,71,tgiacobbinijacobov@admin.ch,Florida,Services
897,Mariann Gehrels,57,mgehrelsow@about.me,Florida,Engineering
898,Sandy Del Dello,86,sdelox@instagram.com,New York,Human Resources
899,Karine Czajka,50,kczajkaoy@jigsy.com,Ohio,Support
900,Thomasa Shortall,26,tshortalloz@yahoo.com,Texas,Business Development
901,Engracia Bilson,65,ebilsonp0@hhs.gov,Massachusetts,Support
902,Jamal Stopford,94,jstopfordp1@nps.gov,Washington,Product Management
903,Deanne Cavendish,50,dcavendishp2@kickstarter.com,South Carolina,Sales
904,Nicoli Jeratt,94,njerattp3@indiegogo.com,Arkansas,Product Management
905,Shelia Connew,31,sconnewp4@devhub.com,Louisiana,Sales
906,Berenice Ovesen,59,bovesenp5@pagesperso-orange.fr,Louisiana,Research and Development
907,Stefano Sunderland,31,ssunderlandp6@1und1.de,Kansas,Marketing
908,Guthry Conningham,85,gconninghamp7@feedburner.com,Maryland,Marketing
909,Shina Huortic,85,shuorticp8@unc.edu,Texas,Support
910,Jobi Capelow,49,jcapelowp9@google.pl,Alabama,Sales
911,Myrilla De Blase,20,mdepa@diigo.com,Louisiana,Business Development
912,Deeann Athy,90,dathypb@whitehouse.gov,California,Accounting
913,Major Jakubovitch,17,mjakubovitchpc@ameblo.jp,Florida,Support
914,Patton Bauduccio,80,pbauducciopd@microsoft.com,Florida,Engineering
915,Kirbee Cuddehay,93,kcuddehaype@state.gov,California,Training
916,Lauraine Rockall,95,lrockallpf@weibo.com,California,Research and Development
917,Wilek Cholonin,4,wcholoninpg@hp.com,Georgia,Support
918,Alvera La Grange,67,alaph@comcast.net,Georgia,Business Development
919,Anitra Spendley,54,aspendleypi@slideshare.net,Connecticut,Training
920,Janith Samart,66,jsamartpj@usgs.gov,Texas,Marketing
921,Woodman Ashbey,81,washbeypk@printfriendly.com,Texas,Legal
922,Rip Abella,82,rabellapl@cocolog-nifty.com,Ohio,Training
923,Corrine Dobell,7,cdobellpm@hugedomains.com,Missouri,Engineering
924,Gale Feirn,18,gfeirnpn@uiuc.edu,Texas,Support
925,Elwyn Robuchon,32,erobuchonpo@ning.com,Washington,Legal
926,Conway McGrotty,73,cmcgrottypp@skype.com,Alaska,Human Resources
927,Georgy Oldacres,57,goldacrespq@mapquest.com,Illinois,Human Resources
928,Stanford Pruckner,61,sprucknerpr@elpais.com,Florida,Support
929,Roda Saphin,21,rsaphinps@tmall.com,Texas,Services
930,Kinny Gritsunov,78,kgritsunovpt@nymag.com,Florida,Sales
931,Minerva Gerring,36,mgerringpu@csmonitor.com,Texas,Training
932,Wendeline Blythin,48,wblythinpv@vk.com,New York,Business Development
933,Donella Glasser,77,dglasserpw@examiner.com,Connecticut,Support
934,Gerrilee Stollenhof,67,gstollenhofpx@jigsy.com,Massachusetts,Support
935,Cobb Cabble,78,ccabblepy@csmonitor.com,Florida,Research and Development
936,Karil Pooke,21,kpookepz@nbcnews.com,New York,Sales
937,Scarface Makepeace,30,smakepeaceq0@ebay.co.uk,California,Research and Development
938,Rochette Thurley,67,rthurleyq1@bloglines.com,Pennsylvania,Research and Development
939,Aleda Edison,65,aedisonq2@marriott.com,California,Engineering
940,Lorianna Crewther,54,lcrewtherq3@dot.gov,California,Accounting
941,Erhart Baddeley,42,ebaddeleyq4@ihg.com,California,Human Resources
942,Minor Argont,60,margontq5@tamu.edu,District of Columbia,Legal
943,Glen Streak,22,gstreakq6@usnews.com,Texas,Training
944,Phillis Dodman,26,pdodmanq7@intel.com,New York,Support
945,Homere Dumbar,100,hdumbarq8@oracle.com,California,Business Development
946,Sheelah Yegorshin,33,syegorshinq9@g.co,Minnesota,Support
947,Editha Vela,43,evelaqa@samsung.com,Arizona,Legal
948,Darrelle Stothert,91,dstothertqb@apple.com,West Virginia,Engineering
949,Kelly Iddenden,81,kiddendenqc@pen.io,Kansas,Engineering
950,Bernadine MacAlpin,32,bmacalpinqd@techcrunch.com,Texas,Accounting
951,Simona Erdis,81,serdisqe@microsoft.com,California,Human Resources
952,Linn Bunn,88,lbunnqf@fda.gov,New York,Product Management
953,Rachael Beddoe,13,rbeddoeqg@adobe.com,New Jersey,Accounting
954,Marcos Headon,43,mheadonqh@msu.edu,Illinois,Marketing
955,Herc Abdy,86,habdyqi@omniture.com,Nebraska,Marketing
956,Baillie Hamblen,22,bhamblenqj@reuters.com,Kansas,Support
957,Ellie Orteu,96,eorteuqk@hubpages.com,Louisiana,Business Development
958,Kaye Lillgard,73,klillgardql@cisco.com,Minnesota,Marketing
959,Melodee Esby,98,mesbyqm@huffingtonpost.com,Washington,Marketing
960,Wandis Renon,13,wrenonqn@histats.com,Florida,Business Development
961,Anet Mabson,72,amabsonqo@squarespace.com,Massachusetts,Training
962,Oliver Jadczak,28,ojadczakqp@businesswire.com,Louisiana,Business Development
963,Bryce Pinner,70,bpinnerqq@blogtalkradio.com,Wisconsin,Marketing
964,Parsifal Bruyet,88,pbruyetqr@cbslocal.com,California,Accounting
965,Dorice Welch,35,dwelchqs@cbsnews.com,New Hampshire,Services
966,Veronica Pembridge,21,vpembridgeqt@dropbox.com,Iowa,Product Management
967,Waiter Wearn,6,wwearnqu@nationalgeographic.com,North Carolina,Business Development
968,Valentino Etches,91,vetchesqv@marketwatch.com,Virginia,Accounting
969,Nell Hukins,48,nhukinsqw@wikimedia.org,Indiana,Business Development
970,Jacinta Couth,31,jcouthqx@reddit.com,Michigan,Accounting
971,Marcie Fearon,60,mfearonqy@upenn.edu,Louisiana,Human Resources
972,Stefa Demangel,43,sdemangelqz@ovh.net,Illinois,Engineering
973,Rina Branchett,91,rbranchettr0@msu.edu,New York,Support
974,Penny Leatt,11,pleattr1@un.org,Massachusetts,Services
975,Moritz Blackledge,45,mblackledger2@mozilla.org,Indiana,Sales
976,Sollie Bickley,10,sbickleyr3@tiny.cc,Iowa,Support
977,Elise John,94,ejohnr4@indiegogo.com,Louisiana,Accounting
978,Gus De Filippi,98,gder5@deliciousdays.com,Virginia,Sales
979,Anton Greggs,99,agreggsr6@sakura.ne.jp,South Carolina,Support
980,Nelli Beeck,25,nbeeckr7@myspace.com,South Carolina,Research and Development
981,Betteann Kubanek,78,bkubanekr8@bigcartel.com,Connecticut,Human Resources
982,Freddy Pydcock,32,fpydcockr9@narod.ru,North Carolina,Services
983,Zorina Lomasny,74,zlomasnyra@ovh.net,California,Support
984,Cobbie Delf,5,cdelfrb@symantec.com,Colorado,Product Management
985,Alfi Langdridge,9,alangdridgerc@java.com,California,Marketing
986,Augusta Sproul,2,asproulrd@nba.com,Washington,Accounting
987,Chalmers Tollmache,60,ctollmachere@multiply.com,California,Legal
988,Roderic Tilliard,95,rtilliardrf@flavors.me,Illinois,Product Management
989,Jillian Ansley,97,jansleyrg@yellowpages.com,New York,Human Resources
990,Reese LeEstut,9,rleestutrh@seesaa.net,California,Product Management
991,Tiler O'Scanlon,53,toscanlonri@dailymotion.com,South Carolina,Sales
992,Lemmie Perfect,10,lperfectrj@friendfeed.com,California,Human Resources
993,Wenonah Sheal,3,wshealrk@mlb.com,Virginia,Training
994,Letizia Bertenshaw,96,lbertenshawrl@networksolutions.com,Massachusetts,Support
995,Lainey MacMenemy,47,lmacmenemyrm@bravesites.com,Illinois,Engineering
996,Rosene Robel,82,rrobelrn@pcworld.com,Florida,Product Management
997,Oby Cicconetti,87,ocicconettiro@bloomberg.com,California,Product Management
998,Emery Legon,37,elegonrp@youku.com,Louisiana,Product Management
999,Karoly Bambrick,21,kbambrickrq@fema.gov,Tennessee,Research and Development
1000,Erinn Cleverley,70,ecleverleyrr@smh.com.au,Nevada,Marketing
